ticker,entry_date,entry_price,stop_loss,target,shares,position_value,entry_cost,risk,consecutive_reds,status,exit_price,exit_date,exit_cost,pnl,pnl_percent,return_on_capital
NSE:ASIANPAINT-EQ,2022-05-31 00:00:00+05:30,3198.195,2599.35,4395.885,62.5352738,200000,60,598.845,3,Loss,2596.75065,2022-06-30 00:00:00+05:30,48.71655387,-37720.20366,-18.86010183,-3.772020366
NSE:BRITANNIA-EQ,2022-05-31 00:00:00+05:30,3245.242,3050,3635.726,61.62868593,200000,60,195.242,3,Win,3632.090274,2022-06-30 00:00:00+05:30,67.15228523,23713.7985,11.85689925,2.37137985
NSE:HINDUNILVR-EQ,2022-05-31 00:00:00+05:30,2185.93375,1870.5,2816.80125,91.49408119,200000,60,315.43375,3,Win,2813.984449,2024-09-30 00:00:00+05:30,77.23887649,57325.68275,28.66284137,5.732568275
NSE:NESTLEIND-EQ,2022-05-31 00:00:00+05:30,914.36345,839.5,1064.09035,218.7314027,200000,60,74.86345,3,Loss,838.6605,2022-06-30 00:00:00+05:30,55.03241627,-16673.64486,-8.336822429,-1.667364486
NSE:ONGC-EQ,2022-07-31 00:00:00+05:30,149.09895,141.1,165.09685,1341.391069,200000,60,7.99895,4,Loss,140.9589,2022-08-31 00:00:00+05:30,56.72430289,-11035.71468,-5.517857339,-1.103571468
NSE:APOLLOHOSP-EQ,2022-08-31 00:00:00+05:30,4244.24,3361.55,6009.62,47.12268863,200000,60,882.69,4,Win,6003.61038,2024-01-31 00:00:00+05:30,84.87187878,82761.39073,41.38069536,8.276139073
NSE:AXISBANK-EQ,2022-08-31 00:00:00+05:30,726.726,618.25,943.678,275.2068868,200000,60,108.476,3,Win,942.734322,2022-12-31 00:00:00+05:30,77.83409334,59309.14372,29.65457186,5.930914372
NSE:BAJAJFINSV-EQ,2022-08-31 00:00:00+05:30,1521.50999,1090.9,2382.72997,131.4483647,200000,60,430.60999,3,Open,,,0,0,0,0
NSE:BAJFINANCE-EQ,2022-08-31 00:00:00+05:30,725.83511,522,1133.50533,275.5446757,200000,60,203.83511,3,Open,,,0,0,0,0
NSE:HINDALCO-EQ,2022-08-31 00:00:00+05:30,420.42,308.95,643.36,475.7147614,200000,60,111.47,4,Win,642.71664,2024-04-30 00:00:00+05:30,91.72493792,105598.0681,52.79903406,10.55980681
NSE:INFY-EQ,2022-08-31 00:00:00+05:30,1565.564,1367.15,1962.392,127.7494884,200000,60,198.414,3,Loss,1365.78285,2022-09-30 00:00:00+05:30,52.34341809,-25634.28312,-12.81714156,-2.563428312
NSE:LTIM-EQ,2022-08-31 00:00:00+05:30,4764.76,3733.3,6827.68,41.97483189,200000,60,1031.46,3,Open,,,0,0,0,0
NSE:LT-EQ,2022-08-31 00:00:00+05:30,1809.808,1456.35,2516.724,110.5089601,200000,60,353.458,5,Win,2514.207276,2023-07-31 00:00:00+05:30,83.35272944,77699.07873,38.84953937,7.769907873
NSE:TATASTEEL-EQ,2022-08-31 00:00:00+05:30,110.6105,82.7,166.4315,1808.146605,200000,60,27.9105,3,Win,166.2650685,2024-04-30 00:00:00+05:30,90.18948572,100481.4296,50.24071479,10.04814296
NSE:TCS-EQ,2022-08-31 00:00:00+05:30,3330.327,3023.85,3943.281,60.05416285,200000,60,306.477,3,Loss,3020.82615,2022-09-30 00:00:00+05:30,54.42395567,-18701.2384,-9.350619202,-1.87012384
NSE:TECHM-EQ,2022-08-31 00:00:00+05:30,1060.00895,943.7,1292.62685,188.6776522,200000,60,116.30895,3,Win,1291.334223,2023-09-30 00:00:00+05:30,73.09377283,43512.81566,21.75640783,4.351281566
NSE:TITAN-EQ,2022-08-31 00:00:00+05:30,2367.1648,1905.45,3290.5944,84.48925905,200000,60,461.7148,4,Win,3287.303806,2023-09-30 00:00:00+05:30,83.32255884,77598.54025,38.79927012,7.759854025
NSE:WIPRO-EQ,2022-08-31 00:00:00+05:30,213.3131,201.03,237.8793,937.5889244,200000,60,12.2831,3,Loss,200.82897,2022-09-30 00:00:00+05:30,56.48850539,-11821.47052,-5.910735262,-1.182147052
NSE:BHARTIARTL-EQ,2022-09-30 00:00:00+05:30,727.2265,628.75,924.1795,275.0174808,200000,60,98.4765,4,Win,923.2553205,2023-09-30 00:00:00+05:30,76.17340571,53775.17897,26.88758949,5.377517897
NSE:RELIANCE-EQ,2022-09-30 00:00:00+05:30,1292.62133,1182.5,1512.86399,154.7243538,200000,60,110.12133,3,Loss,1181.3175,2022-10-31 00:00:00+05:30,54.83357605,-17336.24675,-8.668123374,-1.733624675
NSE:HCLTECH-EQ,2022-10-31 00:00:00+05:30,933.28235,877.35,1045.14705,214.2974203,200000,60,55.93235,5,Win,1044.101903,2022-11-30 00:00:00+05:30,67.12450329,23621.21981,11.81060991,2.362121981
NSE:BPCL-EQ,2022-12-31 00:00:00+05:30,171.171,144.03,225.453,1168.422221,200000,60,27.141,3,Win,225.227547,2023-12-31 00:00:00+05:30,78.94826121,63021.92245,31.51096122,6.302192245
NSE:TATACONSUM-EQ,2022-12-31 00:00:00+05:30,812.62181,729.73,978.40543,246.1169483,200000,60,82.89181,3,Loss,729.00027,2023-01-31 00:00:00+05:30,53.82579653,-20694.50403,-10.34725202,-2.069450403
NSE:WIPRO-EQ,2022-12-31 00:00:00+05:30,206.63643,186.2,247.50929,967.8835431,200000,60,20.43643,3,Loss,186.0138,2023-03-31 00:00:00+05:30,54.01190874,-20074.3161,-10.03715805,-2.00743161
NSE:BAJFINANCE-EQ,2023-03-31 00:00:00+05:30,610.62001,568,695.86003,327.5359417,200000,60,42.62001,4,Loss,567.432,2023-04-30 00:00:00+05:30,55.75631234,-14261.38184,-7.130690919,-1.426138184
NSE:ADANIENT-EQ,2023-04-30 00:00:00+05:30,1698.73704,986.4,3123.41112,117.7345259,200000,60,712.33704,3,Win,3120.287709,2024-02-29 00:00:00+05:30,110.2096782,167195.3843,83.59769217,16.71953843
NSE:ADANIPORTS-EQ,2023-04-30 00:00:00+05:30,639.18855,395.1,1127.36565,312.8967188,200000,60,244.08855,3,Win,1126.238284,2024-01-31 00:00:00+05:30,105.7188791,152230.5449,76.11527245,15.22305449
NSE:BHARTIARTL-EQ,2023-04-30 00:00:00+05:30,755.755,738.45,790.365,264.6360262,200000,60,17.305,3,Win,789.574635,2023-05-31 00:00:00+05:30,62.68496814,8827.208847,4.413604423,0.882720885
NSE:GRASIM-EQ,2023-04-30 00:00:00+05:30,1624.97335,1543.36,1788.20005,123.0789416,200000,60,81.61335,3,Win,1786.41185,2023-06-30 00:00:00+05:30,65.96090391,19743.7188,9.871859399,1.97437188
NSE:KOTAKBANK-EQ,2023-04-30 00:00:00+05:30,347.1468,336.77,367.9004,576.1251436,200000,60,10.3768,3,Win,367.5324996,2023-05-31 00:00:00+05:30,63.52341423,11621.1907,5.810595348,1.16211907
NSE:NESTLEIND-EQ,2023-04-30 00:00:00+05:30,990.1892,923.01,1124.5476,201.9816011,200000,60,67.1792,4,Win,1123.423052,2023-06-30 00:00:00+05:30,68.07323605,26782.71359,13.3913568,2.678271359
NSE:TITAN-EQ,2023-04-30 00:00:00+05:30,2528.4259,2269.6,3046.0777,79.10059773,200000,60,258.8259,4,Win,3043.031622,2023-06-30 00:00:00+05:30,72.21168607,40573.40854,20.28670427,4.057340854
NSE:BAJAJFINSV-EQ,2023-05-31 00:00:00+05:30,1361.36,1215,1654.08,146.9119116,200000,60,146.36,5,Win,1652.42592,2023-07-31 00:00:00+05:30,72.82831521,42628.2224,21.3141112,4.26282224
NSE:COALINDIA-EQ,2023-05-31 00:00:00+05:30,233.4332,207.6,285.0996,856.7761569,200000,60,25.8332,5,Win,284.8145004,2023-09-30 00:00:00+05:30,73.20668193,43889.06641,21.94453321,4.388906641
NSE:DIVISLAB-EQ,2023-05-31 00:00:00+05:30,3271.31805,2730,4353.95415,61.13743664,200000,60,541.31805,3,Win,4349.600196,2024-05-31 00:00:00+05:30,79.77702191,65783.62935,32.89181467,6.578362935
NSE:HDFCBANK-EQ,2023-05-31 00:00:00+05:30,845.19435,766.03,1003.52305,236.6319652,200000,60,79.16435,3,Loss,765.26397,2023-09-30 00:00:00+05:30,54.32577513,-19028.40867,-9.514204336,-1.902840867
NSE:INDUSINDBK-EQ,2023-05-31 00:00:00+05:30,1160.10895,990,1500.32685,172.3976011,200000,60,170.10895,3,Win,1498.826523,2023-11-30 00:00:00+05:30,77.51822912,58256.57883,29.12828942,5.825657883
NSE:RELIANCE-EQ,2023-05-31 00:00:00+05:30,1219.3181,1090,1477.9543,164.0261061,200000,60,129.3181,4,Win,1476.476346,2024-02-29 00:00:00+05:30,72.65419971,42048.01149,21.02400574,4.204801149
NSE:SBILIFE-EQ,2023-05-31 00:00:00+05:30,1148.147,1054,1336.441,174.1937226,200000,60,94.147,4,Win,1335.104559,2023-08-31 00:00:00+05:30,69.77004995,32437.06312,16.21853156,3.243706312
NSE:TATACONSUM-EQ,2023-05-31 00:00:00+05:30,759.27852,678.17,921.49556,263.4079521,200000,60,81.10852,4,Win,920.5740644,2023-11-30 00:00:00+05:30,72.74595871,42353.78308,21.17689154,4.235378308
NSE:CIPLA-EQ,2023-06-30 00:00:00+05:30,950.95,852,1148.85,210.3159998,200000,60,98.95,6,Win,1147.70115,2023-07-31 00:00:00+05:30,72.41397445,41247.50085,20.62375042,4.124750085
NSE:INFY-EQ,2023-06-30 00:00:00+05:30,1323.87255,1185.3,1601.01765,151.0719442,200000,60,138.57255,3,Win,1599.416632,2024-01-31 00:00:00+05:30,72.48809407,41494.49214,20.74724607,4.149449214
NSE:TCS-EQ,2023-06-30 00:00:00+05:30,3317.314,3070.25,3811.442,60.28974043,200000,60,247.064,3,Win,3807.630558,2023-12-31 00:00:00+05:30,68.8683174,29432.1897,14.71609485,2.94321897
NSE:EICHERMOT-EQ,2023-10-31 00:00:00+05:30,3430.3269,3160,3970.9807,58.30348122,200000,60,270.3269,3,Win,3967.009719,2023-12-31 00:00:00+05:30,69.387143,31161.08953,15.58054477,3.116108953
NSE:ULTRACEMCO-EQ,2023-11-30 00:00:00+05:30,8448.44,7987.65,9370.02,23.67300945,200000,60,460.79,3,Win,9360.64998,2023-12-31 00:00:00+05:30,66.47842664,21468.27705,10.73413853,2.146827705
NSE:ASIANPAINT-EQ,2023-12-31 00:00:00+05:30,3150.09695,2931,3588.29085,63.49010941,200000,60,219.09695,3,Loss,2928.069,2024-02-29 00:00:00+05:30,55.77102635,-14212.34986,-7.106174932,-1.421234986
NSE:DRREDDY-EQ,2023-12-31 00:00:00+05:30,1161.16,1041.11,1401.26,172.2415516,200000,60,120.05,3,Win,1399.85874,2024-08-31 00:00:00+05:30,72.3341524,40981.50718,20.49075359,4.098150718
NSE:HDFCBANK-EQ,2023-12-31 00:00:00+05:30,779.72895,730.13,878.92685,256.4993899,200000,60,49.59895,4,Loss,729.39987,2024-01-31 00:00:00+05:30,56.12718651,-13025.5055,-6.512752752,-1.30255055
NSE:HINDUNILVR-EQ,2023-12-31 00:00:00+05:30,2508.4059,2403.01,2719.1977,79.73191261,200000,60,105.3959,4,Loss,2400.60699,2024-01-31 00:00:00+05:30,57.42149602,-8712.434767,-4.356217384,-0.871243477
NSE:ICICIBANK-EQ,2023-12-31 00:00:00+05:30,936.88595,899,1012.65785,213.4731554,200000,60,37.88595,3,Win,1011.645192,2024-01-31 00:00:00+05:30,64.7877274,15834.30359,7.917151795,1.583430359
NSE:RELIANCE-EQ,2023-12-31 00:00:00+05:30,1190.189,1110.15,1350.267,168.0405381,200000,60,80.039,4,Win,1348.916733,2024-01-31 00:00:00+05:30,68.0018081,26544.69186,13.27234593,2.654469186
NSE:DIVISLAB-EQ,2024-05-31 00:00:00+05:30,4006.4024,3350,5319.2072,49.92009789,200000,60,656.4024,3,Win,5313.887993,2024-09-30 00:00:00+05:30,79.58094264,65130.22784,32.56511392,6.513022784
NSE:ULTRACEMCO-EQ,2024-05-31 00:00:00+05:30,9981.82185,9435.15,11075.16555,20.03642251,200000,60,546.67185,3,Win,11064.09038,2024-06-30 00:00:00+05:30,66.50543689,21558.28419,10.77914209,2.155828419
NSE:UPL-EQ,2024-05-31 00:00:00+05:30,487.87739,429.55,604.53217,409.9390628,200000,60,58.32739,3,Win,603.9276378,2025-01-31 00:00:00+05:30,74.27205895,47439.25777,23.71962888,4.743925777
NSE:BRITANNIA-EQ,2024-06-30 00:00:00+05:30,5305.3,4641,6633.9,37.69815091,200000,60,664.3,4,Open,,,0,0,0,0
NSE:HINDUNILVR-EQ,2024-06-30 00:00:00+05:30,2344.46212,2136.58,2760.22636,85.30741371,200000,60,207.88212,4,Win,2757.466134,2024-07-31 00:00:00+05:30,70.56969128,35101.73456,17.55086728,3.510173456
NSE:DRREDDY-EQ,2024-07-31 00:00:00+05:30,1287.286,1141.8,1578.258,155.3656297,200000,60,145.486,3,Open,,,0,0,0,0
NSE:HCLTECH-EQ,2024-07-31 00:00:00+05:30,1466.465,1301.65,1796.095,136.3823889,200000,60,164.815,3,Win,1794.298905,2024-09-30 00:00:00+05:30,73.41323134,44577.35791,22.28867895,4.457735791
NSE:INFY-EQ,2024-07-31 00:00:00+05:30,1561.0595,1378.75,1925.6785,128.1181147,200000,60,182.3095,3,Win,1923.752821,2024-08-31 00:00:00+05:30,73.94027536,46333.64427,23.16682214,4.633364427
NSE:LTIM-EQ,2024-07-31 00:00:00+05:30,5377.82245,4565.5,7002.46735,37.18977372,200000,60,812.32245,5,Open,,,0,0,0,0
NSE:SBILIFE-EQ,2024-07-31 00:00:00+05:30,1493.44195,1371,1738.32585,133.9188309,200000,60,122.44195,3,Win,1736.587524,2024-08-31 00:00:00+05:30,69.76853131,32432.0025,16.21600125,3.24320025
NSE:TCS-EQ,2024-07-31 00:00:00+05:30,3887.884,3653.75,4356.152,51.44186401,200000,60,234.134,3,Win,4351.795848,2024-08-31 00:00:00+05:30,67.15934706,23737.33085,11.86866542,2.373733085
NSE:WIPRO-EQ,2024-07-31 00:00:00+05:30,259.20895,217.55,342.52685,771.5782962,200000,60,41.65895,3,Open,,,0,0,0,0
NSE:ADANIENT-EQ,2024-10-31 00:00:00+05:30,3043.6406,2650.52,3829.8818,65.7107807,200000,60,393.1206,3,Loss,2647.86948,2024-11-30 00:00:00+05:30,52.19807122,-26118.62735,-13.05931367,-2.611862735
NSE:INDUSINDBK-EQ,2024-10-31 00:00:00+05:30,1451.45,1329.2,1695.95,137.7932412,200000,60,122.25,5,Loss,1327.8708,2024-11-30 00:00:00+05:30,54.89148644,-17143.27,-8.571635002,-1.714327
NSE:LT-EQ,2024-12-31 00:00:00+05:30,3710.55685,3262.55,4606.57055,53.90026567,200000,60,448.00685,3,Open,,,0,0,0,0
NSE:ADANIPORTS-EQ,2025-01-31 00:00:00+05:30,1224.223,995.65,1681.369,163.3689287,200000,60,228.573,4,Open,,,0,0,0,0
NSE:DRREDDY-EQ,2025-01-31 00:00:00+05:30,1389.83845,1170.2,1829.11535,143.9016168,200000,60,219.63845,3,Open,,,0,0,0,0
