,Date,Open,High,Low,Close
0,2021-01-01 05:30:00+05:30,274.9,280.0,274.4,279.4
1,2021-01-04 05:30:00+05:30,281.85,283.9,277.75,281.05
2,2021-01-05 05:30:00+05:30,278.05,282.45,277.0,281.75
3,2021-01-06 05:30:00+05:30,283.0,289.15,281.4,285.05
4,2021-01-07 05:30:00+05:30,289.0,291.8,287.0,287.7
5,2021-01-08 05:30:00+05:30,290.1,291.4,285.2,286.0
6,2021-01-11 05:30:00+05:30,288.0,288.2,279.6,282.5
7,2021-01-12 05:30:00+05:30,280.0,293.85,277.9,292.5
8,2021-01-13 05:30:00+05:30,296.0,308.0,294.5,306.8
9,2021-01-14 05:30:00+05:30,306.7,309.25,303.8,307.25
10,2021-01-15 05:30:00+05:30,306.8,310.9,301.3,303.85
11,2021-01-18 05:30:00+05:30,303.5,308.65,292.2,294.45
12,2021-01-19 05:30:00+05:30,297.65,302.5,296.4,298.6
13,2021-01-20 05:30:00+05:30,298.8,304.7,296.85,302.55
14,2021-01-21 05:30:00+05:30,304.0,305.15,291.5,294.85
15,2021-01-22 05:30:00+05:30,295.5,298.0,282.4,283.7
16,2021-01-25 05:30:00+05:30,284.5,288.0,277.05,280.95
17,2021-01-27 05:30:00+05:30,280.2,284.85,272.7,275.65
18,2021-01-28 05:30:00+05:30,271.9,283.35,269.5,282.35
19,2021-01-29 05:30:00+05:30,285.6,290.65,279.1,282.1
20,2021-02-01 05:30:00+05:30,285.1,313.9,282.75,310.7
21,2021-02-02 05:30:00+05:30,315.0,337.4,315.0,333.1
22,2021-02-03 05:30:00+05:30,333.75,339.9,325.8,335.95
23,2021-02-04 05:30:00+05:30,334.4,358.0,331.1,355.1
24,2021-02-05 05:30:00+05:30,387.0,408.35,385.15,393.1
25,2021-02-08 05:30:00+05:30,398.0,407.8,394.75,397.05
26,2021-02-09 05:30:00+05:30,396.75,403.5,389.0,394.8
27,2021-02-10 05:30:00+05:30,394.05,397.9,388.0,392.25
28,2021-02-11 05:30:00+05:30,391.8,396.95,388.25,390.15
29,2021-02-12 05:30:00+05:30,391.0,399.35,385.55,393.15
30,2021-02-15 05:30:00+05:30,397.5,409.45,395.7,406.95
31,2021-02-16 05:30:00+05:30,412.0,415.75,400.3,402.35
32,2021-02-17 05:30:00+05:30,403.0,414.85,400.15,411.75
33,2021-02-18 05:30:00+05:30,425.05,427.7,413.7,415.2
34,2021-02-19 05:30:00+05:30,415.0,415.0,395.0,399.55
35,2021-02-22 05:30:00+05:30,400.6,401.0,385.65,389.5
36,2021-02-23 05:30:00+05:30,392.0,399.7,389.0,395.6
37,2021-02-24 05:30:00+05:30,397.0,410.5,395.2,406.25
38,2021-02-25 05:30:00+05:30,411.0,414.9,406.55,407.25
39,2021-02-26 05:30:00+05:30,399.5,401.0,387.0,390.15
40,2021-03-01 05:30:00+05:30,395.1,397.7,391.0,394.95
41,2021-03-02 05:30:00+05:30,395.0,399.55,390.55,394.2
42,2021-03-03 05:30:00+05:30,396.5,408.9,396.0,405.05
43,2021-03-04 05:30:00+05:30,398.7,403.5,394.45,395.65
44,2021-03-05 05:30:00+05:30,395.0,395.0,378.1,383.65
45,2021-03-08 05:30:00+05:30,388.45,393.4,386.05,389.6
46,2021-03-09 05:30:00+05:30,393.45,394.9,382.25,387.6
47,2021-03-10 05:30:00+05:30,391.1,393.0,385.7,387.7
48,2021-03-12 05:30:00+05:30,391.7,393.2,377.5,381.1
49,2021-03-15 05:30:00+05:30,382.5,386.0,369.35,383.9
50,2021-03-16 05:30:00+05:30,385.6,387.85,376.1,378.55
51,2021-03-17 05:30:00+05:30,378.2,379.65,366.05,368.15
52,2021-03-18 05:30:00+05:30,371.5,375.0,361.1,367.1
53,2021-03-19 05:30:00+05:30,363.95,372.9,357.25,371.15
54,2021-03-22 05:30:00+05:30,372.0,372.8,363.5,367.0
55,2021-03-23 05:30:00+05:30,368.7,377.95,367.05,372.7
56,2021-03-24 05:30:00+05:30,368.5,369.05,358.65,359.85
57,2021-03-25 05:30:00+05:30,360.0,360.85,345.2,355.2
58,2021-03-26 05:30:00+05:30,360.0,362.0,354.55,357.2
59,2021-03-30 05:30:00+05:30,360.1,364.3,356.3,360.8
60,2021-03-31 05:30:00+05:30,360.3,367.85,357.95,364.3
61,2021-04-01 05:30:00+05:30,367.7,371.9,363.1,370.65
62,2021-04-05 05:30:00+05:30,367.5,369.2,349.05,353.55
63,2021-04-06 05:30:00+05:30,355.7,357.0,349.3,350.55
64,2021-04-07 05:30:00+05:30,351.25,363.2,347.6,358.55
65,2021-04-08 05:30:00+05:30,361.0,363.3,354.3,355.6
66,2021-04-09 05:30:00+05:30,354.4,364.5,351.2,353.0
67,2021-04-12 05:30:00+05:30,344.0,344.0,322.55,328.85
68,2021-04-13 05:30:00+05:30,332.0,342.25,330.5,341.0
69,2021-04-15 05:30:00+05:30,342.1,347.55,336.1,342.7
70,2021-04-16 05:30:00+05:30,343.0,345.5,338.65,339.9
71,2021-04-19 05:30:00+05:30,327.15,332.05,321.3,331.15
72,2021-04-20 05:30:00+05:30,335.1,339.9,326.7,329.5
73,2021-04-22 05:30:00+05:30,326.0,337.65,323.3,336.65
74,2021-04-23 05:30:00+05:30,331.65,339.9,331.65,336.45
75,2021-04-26 05:30:00+05:30,339.25,347.45,339.25,344.3
76,2021-04-27 05:30:00+05:30,344.0,354.95,342.4,353.05
77,2021-04-28 05:30:00+05:30,357.0,364.3,356.05,363.4
78,2021-04-29 05:30:00+05:30,365.0,369.95,355.5,359.4
79,2021-04-30 05:30:00+05:30,353.45,362.5,350.45,353.5
80,2021-05-03 05:30:00+05:30,349.6,352.5,341.4,350.6
81,2021-05-04 05:30:00+05:30,355.0,362.9,350.2,351.5
82,2021-05-05 05:30:00+05:30,356.5,357.45,348.0,355.4
83,2021-05-06 05:30:00+05:30,358.0,359.35,350.55,355.55
84,2021-05-07 05:30:00+05:30,357.5,362.0,353.0,358.25
85,2021-05-10 05:30:00+05:30,360.5,367.0,358.8,361.7
86,2021-05-11 05:30:00+05:30,356.85,366.4,354.75,364.65
87,2021-05-12 05:30:00+05:30,362.8,373.5,361.9,367.7
88,2021-05-14 05:30:00+05:30,370.0,372.5,359.55,360.45
89,2021-05-17 05:30:00+05:30,364.4,385.2,363.65,383.1
90,2021-05-18 05:30:00+05:30,390.0,392.55,380.05,382.25
91,2021-05-19 05:30:00+05:30,382.0,389.5,381.2,384.4
92,2021-05-20 05:30:00+05:30,387.0,387.8,382.0,384.55
93,2021-05-21 05:30:00+05:30,390.0,404.4,378.0,401.2
94,2021-05-24 05:30:00+05:30,417.0,419.2,405.3,412.05
95,2021-05-25 05:30:00+05:30,415.1,415.5,408.5,412.35
96,2021-05-26 05:30:00+05:30,413.8,418.75,410.8,413.55
97,2021-05-27 05:30:00+05:30,413.7,429.1,412.0,425.2
98,2021-05-28 05:30:00+05:30,430.5,433.65,420.05,422.05
99,2021-05-31 05:30:00+05:30,421.0,426.0,418.0,424.35
100,2021-06-01 05:30:00+05:30,426.05,435.35,425.6,432.55
101,2021-06-02 05:30:00+05:30,430.8,437.95,429.15,437.25
102,2021-06-03 05:30:00+05:30,437.0,441.95,433.5,439.65
103,2021-06-04 05:30:00+05:30,437.5,441.9,431.75,433.6
104,2021-06-07 05:30:00+05:30,435.1,437.4,430.8,432.25
105,2021-06-08 05:30:00+05:30,432.25,432.5,424.0,427.2
106,2021-06-09 05:30:00+05:30,427.5,432.3,418.2,421.45
107,2021-06-10 05:30:00+05:30,424.9,433.3,422.4,432.25
108,2021-06-11 05:30:00+05:30,434.85,435.5,425.25,429.6
109,2021-06-14 05:30:00+05:30,427.0,432.45,416.7,430.35
110,2021-06-15 05:30:00+05:30,429.2,432.8,428.0,429.5
111,2021-06-16 05:30:00+05:30,428.0,432.75,425.0,425.95
112,2021-06-17 05:30:00+05:30,421.0,425.95,416.6,420.25
113,2021-06-18 05:30:00+05:30,423.9,423.9,402.65,412.9
114,2021-06-21 05:30:00+05:30,406.35,421.0,400.5,419.75
115,2021-06-22 05:30:00+05:30,423.0,425.45,417.3,418.65
116,2021-06-23 05:30:00+05:30,421.1,424.75,415.0,418.85
117,2021-06-24 05:30:00+05:30,420.35,422.75,416.3,417.2
118,2021-06-25 05:30:00+05:30,421.0,431.0,419.05,428.8
119,2021-06-28 05:30:00+05:30,430.7,433.15,424.55,426.75
120,2021-06-29 05:30:00+05:30,427.5,428.95,420.55,421.5
121,2021-06-30 05:30:00+05:30,423.0,424.9,418.3,419.2
122,2021-07-01 05:30:00+05:30,420.3,423.7,417.15,420.4
123,2021-07-02 05:30:00+05:30,420.3,425.4,419.0,424.4
124,2021-07-05 05:30:00+05:30,426.5,434.5,424.25,432.65
125,2021-07-06 05:30:00+05:30,431.7,436.5,428.2,429.75
126,2021-07-07 05:30:00+05:30,429.35,434.0,427.55,432.85
127,2021-07-08 05:30:00+05:30,432.8,435.4,422.1,424.45
128,2021-07-09 05:30:00+05:30,425.0,427.5,421.05,423.75
129,2021-07-12 05:30:00+05:30,426.5,430.25,424.6,427.45
130,2021-07-13 05:30:00+05:30,430.0,431.8,428.3,429.1
131,2021-07-14 05:30:00+05:30,429.0,432.3,426.4,431.05
132,2021-07-15 05:30:00+05:30,432.7,432.95,429.65,431.7
133,2021-07-16 05:30:00+05:30,432.0,432.5,427.45,430.0
134,2021-07-19 05:30:00+05:30,423.4,429.45,418.85,427.9
135,2021-07-20 05:30:00+05:30,427.0,427.0,418.9,420.9
136,2021-07-22 05:30:00+05:30,425.55,426.7,420.9,422.05
137,2021-07-23 05:30:00+05:30,422.9,429.95,419.5,428.9
138,2021-07-26 05:30:00+05:30,427.8,427.8,422.3,423.3
139,2021-07-27 05:30:00+05:30,424.15,433.25,424.0,429.95
140,2021-07-28 05:30:00+05:30,430.0,430.5,421.05,425.5
141,2021-07-29 05:30:00+05:30,426.0,443.6,425.5,441.55
142,2021-07-30 05:30:00+05:30,441.5,444.4,430.7,431.8
143,2021-08-02 05:30:00+05:30,434.75,436.7,431.8,434.9
144,2021-08-03 05:30:00+05:30,434.95,447.9,433.6,446.5
145,2021-08-04 05:30:00+05:30,448.65,467.45,441.5,456.95
146,2021-08-05 05:30:00+05:30,461.0,462.5,438.4,441.85
147,2021-08-06 05:30:00+05:30,443.7,447.0,434.0,435.65
148,2021-08-09 05:30:00+05:30,437.9,441.8,431.0,433.4
149,2021-08-10 05:30:00+05:30,434.4,436.4,421.7,426.45
150,2021-08-11 05:30:00+05:30,429.8,432.9,423.15,428.05
151,2021-08-12 05:30:00+05:30,430.0,430.45,425.0,427.15
152,2021-08-13 05:30:00+05:30,427.6,432.25,425.0,431.2
153,2021-08-16 05:30:00+05:30,430.0,434.0,424.0,424.85
154,2021-08-17 05:30:00+05:30,424.85,425.85,415.25,421.5
155,2021-08-18 05:30:00+05:30,422.15,424.35,418.0,419.7
156,2021-08-20 05:30:00+05:30,415.0,417.35,405.15,406.7
157,2021-08-23 05:30:00+05:30,411.1,413.0,401.25,409.5
158,2021-08-24 05:30:00+05:30,409.5,418.75,408.2,417.6
159,2021-08-25 05:30:00+05:30,419.0,421.3,414.3,416.25
160,2021-08-26 05:30:00+05:30,414.5,415.8,410.0,410.75
161,2021-08-27 05:30:00+05:30,410.35,414.35,407.5,412.45
162,2021-08-30 05:30:00+05:30,414.4,423.3,413.5,422.7
163,2021-08-31 05:30:00+05:30,423.85,427.0,418.7,426.05
164,2021-09-01 05:30:00+05:30,427.5,432.55,425.15,429.9
165,2021-09-02 05:30:00+05:30,431.4,433.5,427.75,429.75
166,2021-09-03 05:30:00+05:30,431.25,434.3,428.2,431.4
167,2021-09-06 05:30:00+05:30,432.0,433.85,430.05,431.05
168,2021-09-07 05:30:00+05:30,431.05,431.7,425.1,429.1
169,2021-09-08 05:30:00+05:30,429.0,435.4,427.35,431.35
170,2021-09-09 05:30:00+05:30,430.25,433.8,430.0,432.3
171,2021-09-13 05:30:00+05:30,430.1,433.8,428.8,432.85
172,2021-09-14 05:30:00+05:30,435.0,436.75,432.25,433.0
173,2021-09-15 05:30:00+05:30,433.0,445.0,431.45,443.85
174,2021-09-16 05:30:00+05:30,444.85,466.1,442.75,463.7
175,2021-09-17 05:30:00+05:30,468.0,471.9,450.35,454.1
176,2021-09-20 05:30:00+05:30,449.4,453.5,435.65,437.45
177,2021-09-21 05:30:00+05:30,440.15,441.35,432.65,438.8
178,2021-09-22 05:30:00+05:30,438.9,442.8,436.1,438.85
179,2021-09-23 05:30:00+05:30,442.4,451.15,442.05,449.8
180,2021-09-24 05:30:00+05:30,451.1,451.9,440.0,440.75
181,2021-09-27 05:30:00+05:30,444.9,450.55,442.25,446.6
182,2021-09-28 05:30:00+05:30,449.2,455.8,439.6,444.9
183,2021-09-29 05:30:00+05:30,441.85,462.3,439.1,460.0
184,2021-09-30 05:30:00+05:30,459.95,464.9,451.4,453.0
185,2021-10-01 05:30:00+05:30,448.5,455.55,443.8,451.65
186,2021-10-04 05:30:00+05:30,453.8,464.4,451.6,463.15
187,2021-10-05 05:30:00+05:30,462.0,469.0,458.7,464.7
188,2021-10-06 05:30:00+05:30,465.0,471.0,453.65,457.2
189,2021-10-07 05:30:00+05:30,462.1,464.0,457.1,457.9
190,2021-10-08 05:30:00+05:30,461.9,464.0,454.25,458.0
191,2021-10-11 05:30:00+05:30,460.0,474.95,458.65,469.25
192,2021-10-12 05:30:00+05:30,470.0,484.4,468.1,483.0
193,2021-10-13 05:30:00+05:30,486.15,486.15,478.0,481.7
194,2021-10-14 05:30:00+05:30,482.0,493.9,482.0,490.6
195,2021-10-18 05:30:00+05:30,494.0,501.0,491.7,497.95
196,2021-10-19 05:30:00+05:30,500.35,504.2,483.25,488.2
197,2021-10-20 05:30:00+05:30,488.8,507.5,483.1,499.9
198,2021-10-21 05:30:00+05:30,504.9,506.5,491.75,502.95
199,2021-10-22 05:30:00+05:30,504.6,508.7,500.0,502.95
200,2021-10-25 05:30:00+05:30,506.5,515.45,497.85,506.5
201,2021-10-26 05:30:00+05:30,507.6,518.2,507.6,512.55
202,2021-10-27 05:30:00+05:30,513.7,526.85,512.75,519.15
203,2021-10-28 05:30:00+05:30,519.6,520.55,497.6,501.35
204,2021-10-29 05:30:00+05:30,501.5,512.65,488.4,502.15
205,2021-11-01 05:30:00+05:30,508.5,516.95,501.0,515.7
206,2021-11-02 05:30:00+05:30,514.8,525.0,512.05,521.7
207,2021-11-03 05:30:00+05:30,524.0,542.3,515.2,527.65
208,2021-11-04 05:30:00+05:30,531.5,535.9,528.05,530.45
209,2021-11-08 05:30:00+05:30,534.45,534.45,516.45,523.25
210,2021-11-09 05:30:00+05:30,526.25,532.0,522.2,529.15
211,2021-11-10 05:30:00+05:30,525.55,528.5,521.5,524.4
212,2021-11-11 05:30:00+05:30,522.85,522.85,507.1,509.6
213,2021-11-12 05:30:00+05:30,512.0,513.0,502.7,511.35
214,2021-11-15 05:30:00+05:30,512.4,515.9,505.5,506.55
215,2021-11-16 05:30:00+05:30,507.4,507.4,493.5,495.1
216,2021-11-17 05:30:00+05:30,493.85,505.4,491.0,498.15
217,2021-11-18 05:30:00+05:30,499.1,506.2,492.3,503.8
218,2021-11-22 05:30:00+05:30,506.0,506.0,477.5,486.4
219,2021-11-23 05:30:00+05:30,485.25,495.4,480.0,493.05
220,2021-11-24 05:30:00+05:30,495.8,500.0,489.05,493.15
221,2021-11-25 05:30:00+05:30,490.0,495.45,486.3,490.55
222,2021-11-26 05:30:00+05:30,486.25,487.9,467.1,470.5
223,2021-11-29 05:30:00+05:30,470.0,477.75,454.3,465.1
224,2021-11-30 05:30:00+05:30,468.0,477.25,458.0,460.55
225,2021-12-01 05:30:00+05:30,464.45,477.25,464.0,475.3
226,2021-12-02 05:30:00+05:30,474.5,478.15,470.95,477.0
227,2021-12-03 05:30:00+05:30,475.75,481.5,470.05,473.15
228,2021-12-06 05:30:00+05:30,473.15,477.0,463.8,465.3
229,2021-12-07 05:30:00+05:30,469.2,479.7,469.2,476.7
230,2021-12-08 05:30:00+05:30,480.9,492.4,480.25,491.55
231,2021-12-09 05:30:00+05:30,492.3,493.5,486.1,488.65
232,2021-12-10 05:30:00+05:30,488.5,495.95,484.4,494.7
233,2021-12-13 05:30:00+05:30,497.75,500.45,486.35,487.8
234,2021-12-14 05:30:00+05:30,486.0,490.35,481.8,488.55
235,2021-12-15 05:30:00+05:30,490.0,491.0,483.5,484.8
236,2021-12-16 05:30:00+05:30,488.35,490.55,478.25,481.15
237,2021-12-17 05:30:00+05:30,480.05,481.4,466.5,467.8
238,2021-12-20 05:30:00+05:30,459.0,464.0,443.0,449.2
239,2021-12-21 05:30:00+05:30,457.05,458.25,444.5,446.0
240,2021-12-22 05:30:00+05:30,450.0,457.3,449.0,455.85
241,2021-12-23 05:30:00+05:30,461.0,465.0,457.75,461.8
242,2021-12-24 05:30:00+05:30,462.6,463.6,452.2,456.95
243,2021-12-27 05:30:00+05:30,453.7,460.5,450.55,458.05
244,2021-12-28 05:30:00+05:30,461.2,462.9,459.05,461.2
245,2021-12-29 05:30:00+05:30,461.0,462.15,451.4,454.4
246,2021-12-30 05:30:00+05:30,452.75,454.9,448.5,451.7
247,2021-12-31 05:30:00+05:30,454.25,461.4,453.1,460.45
248,2022-01-03 05:30:00+05:30,462.0,472.0,460.1,470.8
249,2022-01-04 05:30:00+05:30,472.5,484.7,471.05,483.5
250,2022-01-05 05:30:00+05:30,481.9,495.0,479.15,492.4
251,2022-01-06 05:30:00+05:30,487.7,494.4,485.4,491.7
252,2022-01-07 05:30:00+05:30,493.45,501.95,489.45,491.25
253,2022-01-10 05:30:00+05:30,493.35,504.95,492.5,503.65
254,2022-01-11 05:30:00+05:30,503.0,507.8,499.25,505.95
255,2022-01-12 05:30:00+05:30,509.9,513.5,508.5,510.25
256,2022-01-13 05:30:00+05:30,510.0,512.85,507.0,511.35
257,2022-01-14 05:30:00+05:30,509.0,510.35,505.15,508.35
258,2022-01-17 05:30:00+05:30,508.0,518.9,507.55,514.0
259,2022-01-18 05:30:00+05:30,514.0,517.45,505.0,506.8
260,2022-01-19 05:30:00+05:30,505.0,517.65,500.3,515.8
261,2022-01-20 05:30:00+05:30,516.0,519.15,508.0,511.4
262,2022-01-21 05:30:00+05:30,505.3,507.5,498.0,502.7
263,2022-01-24 05:30:00+05:30,502.4,506.8,488.0,494.15
264,2022-01-25 05:30:00+05:30,490.0,517.5,489.0,514.65
265,2022-01-27 05:30:00+05:30,503.55,530.85,503.2,528.95
266,2022-01-28 05:30:00+05:30,534.0,536.4,521.4,523.45
267,2022-01-31 05:30:00+05:30,529.0,540.9,527.05,538.3
268,2022-02-01 05:30:00+05:30,543.95,543.95,520.0,532.3
269,2022-02-02 05:30:00+05:30,536.65,544.25,531.35,539.8
270,2022-02-03 05:30:00+05:30,537.15,544.7,537.15,540.1
271,2022-02-04 05:30:00+05:30,542.15,546.4,527.3,530.3
272,2022-02-07 05:30:00+05:30,531.9,549.0,525.25,533.25
273,2022-02-08 05:30:00+05:30,535.5,537.65,519.0,531.35
274,2022-02-09 05:30:00+05:30,534.95,536.5,527.75,535.25
275,2022-02-10 05:30:00+05:30,537.1,543.95,534.4,540.55
276,2022-02-11 05:30:00+05:30,536.25,537.7,527.1,529.6
277,2022-02-14 05:30:00+05:30,515.0,515.6,499.7,501.4
278,2022-02-15 05:30:00+05:30,502.0,526.85,497.1,524.8
279,2022-02-16 05:30:00+05:30,526.5,528.0,514.0,516.7
280,2022-02-17 05:30:00+05:30,520.0,520.0,511.15,512.95
281,2022-02-18 05:30:00+05:30,510.1,520.9,510.1,515.3
282,2022-02-21 05:30:00+05:30,511.55,517.5,504.65,511.85
283,2022-02-22 05:30:00+05:30,500.9,505.3,495.5,498.4
284,2022-02-23 05:30:00+05:30,503.0,505.35,497.25,498.7
285,2022-02-24 05:30:00+05:30,480.0,487.95,468.0,472.65
286,2022-02-25 05:30:00+05:30,480.0,491.9,479.3,482.95
287,2022-02-28 05:30:00+05:30,476.9,485.3,473.1,483.2
288,2022-03-02 05:30:00+05:30,478.0,479.8,467.0,474.25
289,2022-03-03 05:30:00+05:30,480.0,483.4,464.6,467.4
290,2022-03-04 05:30:00+05:30,460.3,470.9,457.65,461.95
291,2022-03-07 05:30:00+05:30,447.5,453.95,433.45,440.3
292,2022-03-08 05:30:00+05:30,438.0,442.1,425.0,440.3
293,2022-03-09 05:30:00+05:30,442.0,454.3,438.55,451.7
294,2022-03-10 05:30:00+05:30,469.9,476.65,461.65,468.7
295,2022-03-11 05:30:00+05:30,466.4,474.8,462.0,470.35
296,2022-03-14 05:30:00+05:30,471.0,486.0,470.55,485.15
297,2022-03-15 05:30:00+05:30,489.0,490.5,480.65,485.85
298,2022-03-16 05:30:00+05:30,493.0,494.3,489.4,492.75
299,2022-03-17 05:30:00+05:30,499.0,503.5,498.3,501.9
300,2022-03-21 05:30:00+05:30,502.0,502.0,489.0,490.6
301,2022-03-22 05:30:00+05:30,490.6,495.8,477.25,493.7
302,2022-03-23 05:30:00+05:30,498.5,502.4,489.2,490.65
303,2022-03-24 05:30:00+05:30,485.0,494.8,483.5,487.1
304,2022-03-25 05:30:00+05:30,491.75,493.3,486.6,490.7
305,2022-03-28 05:30:00+05:30,490.95,498.6,481.95,497.5
306,2022-03-29 05:30:00+05:30,500.0,501.4,491.7,495.0
307,2022-03-30 05:30:00+05:30,499.3,500.4,492.3,494.3
308,2022-03-31 05:30:00+05:30,494.3,497.55,492.2,493.55
309,2022-04-01 05:30:00+05:30,491.0,509.75,491.0,508.2
310,2022-04-04 05:30:00+05:30,509.3,514.9,506.0,512.4
311,2022-04-05 05:30:00+05:30,514.4,516.4,507.7,509.4
312,2022-04-06 05:30:00+05:30,507.0,515.2,506.0,513.95
313,2022-04-07 05:30:00+05:30,510.05,519.9,510.05,514.95
314,2022-04-08 05:30:00+05:30,519.5,519.5,512.35,516.1
315,2022-04-11 05:30:00+05:30,513.5,522.0,513.2,514.9
316,2022-04-12 05:30:00+05:30,512.75,516.7,504.35,512.85
317,2022-04-13 05:30:00+05:30,514.3,520.9,513.75,517.7
318,2022-04-18 05:30:00+05:30,512.0,515.0,504.0,509.5
319,2022-04-19 05:30:00+05:30,513.25,520.95,505.1,511.8
320,2022-04-20 05:30:00+05:30,512.0,513.7,507.0,509.3
321,2022-04-21 05:30:00+05:30,513.4,518.0,512.2,516.3
322,2022-04-22 05:30:00+05:30,512.9,513.5,499.0,500.6
323,2022-04-25 05:30:00+05:30,495.0,499.2,490.05,494.75
324,2022-04-26 05:30:00+05:30,499.0,507.9,498.45,505.5
325,2022-04-27 05:30:00+05:30,500.0,502.8,491.85,497.25
326,2022-04-28 05:30:00+05:30,499.15,510.0,496.5,507.5
327,2022-04-29 05:30:00+05:30,508.1,512.5,494.0,496.3
328,2022-05-02 05:30:00+05:30,492.65,495.0,481.3,491.0
329,2022-05-04 05:30:00+05:30,492.0,496.45,477.5,479.65
330,2022-05-05 05:30:00+05:30,485.0,494.0,478.65,480.0
331,2022-05-06 05:30:00+05:30,471.0,486.1,471.0,483.95
332,2022-05-09 05:30:00+05:30,477.1,483.7,473.8,475.9
333,2022-05-10 05:30:00+05:30,477.0,482.55,473.5,475.2
334,2022-05-11 05:30:00+05:30,475.25,479.0,463.65,476.55
335,2022-05-12 05:30:00+05:30,473.0,473.0,456.35,462.65
336,2022-05-13 05:30:00+05:30,469.45,477.0,439.75,444.65
337,2022-05-16 05:30:00+05:30,445.0,461.5,438.85,455.0
338,2022-05-17 05:30:00+05:30,458.3,469.65,456.15,467.3
339,2022-05-18 05:30:00+05:30,467.9,468.6,457.1,458.0
340,2022-05-19 05:30:00+05:30,449.05,450.0,444.45,447.5
341,2022-05-20 05:30:00+05:30,454.85,464.0,454.15,462.4
342,2022-05-23 05:30:00+05:30,463.1,471.4,459.5,460.9
343,2022-05-24 05:30:00+05:30,462.4,466.8,460.2,462.05
344,2022-05-25 05:30:00+05:30,461.0,464.45,452.05,454.1
345,2022-05-26 05:30:00+05:30,456.85,470.1,452.5,468.9
346,2022-05-27 05:30:00+05:30,471.4,475.0,467.5,468.95
347,2022-05-30 05:30:00+05:30,473.0,476.9,471.1,474.6
348,2022-05-31 05:30:00+05:30,474.0,476.4,465.0,468.1
349,2022-06-01 05:30:00+05:30,468.0,472.0,464.7,468.3
350,2022-06-02 05:30:00+05:30,466.9,472.35,466.15,469.85
351,2022-06-03 05:30:00+05:30,473.25,475.5,463.5,464.5
352,2022-06-06 05:30:00+05:30,464.2,465.6,456.5,463.7
353,2022-06-07 05:30:00+05:30,461.85,465.95,460.5,463.4
354,2022-06-08 05:30:00+05:30,466.6,475.55,463.2,471.3
355,2022-06-09 05:30:00+05:30,468.95,470.9,462.45,466.95
356,2022-06-10 05:30:00+05:30,462.0,464.15,458.6,461.85
357,2022-06-13 05:30:00+05:30,454.0,454.05,442.1,445.85
358,2022-06-14 05:30:00+05:30,445.0,449.25,443.35,448.1
359,2022-06-15 05:30:00+05:30,448.95,455.45,448.6,451.35
360,2022-06-16 05:30:00+05:30,455.15,457.75,440.15,441.6
361,2022-06-17 05:30:00+05:30,440.0,447.55,437.25,441.0
362,2022-06-20 05:30:00+05:30,441.5,443.45,430.7,434.7
363,2022-06-21 05:30:00+05:30,439.5,454.95,437.6,450.75
364,2022-06-22 05:30:00+05:30,448.75,451.2,444.65,447.65
365,2022-06-23 05:30:00+05:30,449.0,456.45,446.0,451.4
366,2022-06-24 05:30:00+05:30,455.8,460.35,453.2,454.25
367,2022-06-27 05:30:00+05:30,459.95,464.85,458.05,461.2
368,2022-06-28 05:30:00+05:30,458.9,465.75,458.0,464.25
369,2022-06-29 05:30:00+05:30,460.0,462.7,458.0,459.1
370,2022-06-30 05:30:00+05:30,459.0,469.3,458.6,465.9
371,2022-07-01 05:30:00+05:30,463.35,468.8,460.55,466.85
372,2022-07-04 05:30:00+05:30,466.85,474.15,466.85,473.45
373,2022-07-05 05:30:00+05:30,475.15,480.0,471.0,472.15
374,2022-07-06 05:30:00+05:30,475.15,481.0,473.9,479.95
375,2022-07-07 05:30:00+05:30,484.0,488.25,481.6,486.75
376,2022-07-08 05:30:00+05:30,489.0,489.9,485.15,488.55
377,2022-07-11 05:30:00+05:30,485.0,491.3,485.0,488.2
378,2022-07-12 05:30:00+05:30,485.0,491.35,483.1,484.95
379,2022-07-13 05:30:00+05:30,487.75,492.45,484.55,486.5
380,2022-07-14 05:30:00+05:30,486.6,488.9,476.8,479.35
381,2022-07-15 05:30:00+05:30,482.55,484.4,474.7,479.1
382,2022-07-18 05:30:00+05:30,484.55,491.5,482.1,490.3
383,2022-07-19 05:30:00+05:30,488.0,498.55,488.0,497.95
384,2022-07-20 05:30:00+05:30,501.0,510.6,500.4,508.6
385,2022-07-21 05:30:00+05:30,509.8,513.4,506.75,512.05
386,2022-07-22 05:30:00+05:30,513.45,520.2,511.2,513.7
387,2022-07-25 05:30:00+05:30,513.4,519.0,509.15,517.8
388,2022-07-26 05:30:00+05:30,517.7,520.8,513.1,514.2
389,2022-07-27 05:30:00+05:30,515.3,529.95,512.25,528.2
390,2022-07-28 05:30:00+05:30,533.2,537.5,529.55,532.45
391,2022-07-29 05:30:00+05:30,535.05,537.0,526.75,528.35
392,2022-08-01 05:30:00+05:30,529.05,535.0,526.4,533.75
393,2022-08-02 05:30:00+05:30,531.9,544.9,531.1,542.1
394,2022-08-03 05:30:00+05:30,541.9,546.4,534.65,540.85
395,2022-08-04 05:30:00+05:30,543.65,544.0,524.2,533.25
396,2022-08-05 05:30:00+05:30,535.55,542.9,529.0,531.05
397,2022-08-08 05:30:00+05:30,524.0,524.0,513.85,520.4
398,2022-08-10 05:30:00+05:30,521.55,523.5,513.4,514.7
399,2022-08-11 05:30:00+05:30,520.0,526.0,517.2,524.75
400,2022-08-12 05:30:00+05:30,525.7,531.8,525.15,530.7
401,2022-08-16 05:30:00+05:30,533.3,533.85,525.0,525.95
402,2022-08-17 05:30:00+05:30,528.85,530.55,524.35,528.15
403,2022-08-18 05:30:00+05:30,526.85,534.8,526.2,532.35
404,2022-08-19 05:30:00+05:30,532.0,533.65,518.5,520.35
405,2022-08-22 05:30:00+05:30,519.0,519.9,510.0,511.3
406,2022-08-23 05:30:00+05:30,508.25,524.0,508.25,521.9
407,2022-08-24 05:30:00+05:30,519.0,523.0,512.3,519.3
408,2022-08-25 05:30:00+05:30,521.95,528.3,518.5,520.4
409,2022-08-26 05:30:00+05:30,523.8,529.5,522.2,523.8
410,2022-08-29 05:30:00+05:30,511.3,517.0,508.75,514.85
411,2022-08-30 05:30:00+05:30,518.2,532.5,517.95,531.25
412,2022-09-01 05:30:00+05:30,522.25,540.9,522.25,533.3
413,2022-09-02 05:30:00+05:30,537.0,537.85,531.25,536.7
414,2022-09-05 05:30:00+05:30,537.0,540.8,536.3,538.9
415,2022-09-06 05:30:00+05:30,538.0,542.7,534.1,537.8
416,2022-09-07 05:30:00+05:30,534.4,537.45,531.55,532.85
417,2022-09-08 05:30:00+05:30,536.0,546.3,535.5,544.65
418,2022-09-09 05:30:00+05:30,549.65,557.0,548.0,553.35
419,2022-09-12 05:30:00+05:30,554.9,558.6,551.25,554.9
420,2022-09-13 05:30:00+05:30,560.0,560.0,553.75,558.0
421,2022-09-14 05:30:00+05:30,550.0,574.85,549.25,571.75
422,2022-09-15 05:30:00+05:30,572.55,578.5,567.9,572.15
423,2022-09-16 05:30:00+05:30,569.1,574.0,560.3,561.8
424,2022-09-19 05:30:00+05:30,560.7,574.4,559.55,572.25
425,2022-09-20 05:30:00+05:30,577.95,577.95,572.85,574.05
426,2022-09-21 05:30:00+05:30,575.0,577.3,565.4,569.7
427,2022-09-22 05:30:00+05:30,566.75,574.0,562.0,567.3
428,2022-09-23 05:30:00+05:30,564.8,568.0,549.5,550.6
429,2022-09-26 05:30:00+05:30,545.8,549.0,533.0,543.3
430,2022-09-27 05:30:00+05:30,544.55,550.9,533.2,536.5
431,2022-09-28 05:30:00+05:30,532.9,539.8,520.35,524.85
432,2022-09-29 05:30:00+05:30,529.0,535.7,519.55,521.75
433,2022-09-30 05:30:00+05:30,524.0,536.9,516.15,530.6
434,2022-10-03 05:30:00+05:30,527.6,531.65,518.5,519.75
435,2022-10-04 05:30:00+05:30,533.0,535.8,527.8,532.7
436,2022-10-06 05:30:00+05:30,534.6,541.8,534.6,537.3
437,2022-10-07 05:30:00+05:30,535.5,535.6,526.55,530.2
438,2022-10-10 05:30:00+05:30,525.7,533.9,522.2,530.75
439,2022-10-11 05:30:00+05:30,530.75,533.7,525.5,527.4
440,2022-10-12 05:30:00+05:30,530.0,535.0,526.0,533.8
441,2022-10-13 05:30:00+05:30,533.0,533.8,520.2,521.45
442,2022-10-14 05:30:00+05:30,530.2,534.85,526.0,527.2
443,2022-10-17 05:30:00+05:30,526.4,544.7,524.2,543.65
444,2022-10-18 05:30:00+05:30,547.1,563.5,546.75,562.45
445,2022-10-19 05:30:00+05:30,563.0,563.45,551.55,553.4
446,2022-10-20 05:30:00+05:30,552.0,556.8,545.3,555.4
447,2022-10-21 05:30:00+05:30,557.25,565.8,557.25,560.85
448,2022-10-24 05:30:00+05:30,567.0,572.5,565.9,570.5
449,2022-10-25 05:30:00+05:30,572.5,586.2,568.0,578.55
450,2022-10-27 05:30:00+05:30,583.95,585.0,577.6,579.65
451,2022-10-28 05:30:00+05:30,579.95,582.65,567.0,570.75
452,2022-10-31 05:30:00+05:30,574.95,577.45,568.4,573.8
453,2022-11-01 05:30:00+05:30,576.35,585.75,574.6,576.9
454,2022-11-02 05:30:00+05:30,575.9,578.95,569.9,573.85
455,2022-11-03 05:30:00+05:30,569.0,587.95,568.0,584.9
456,2022-11-04 05:30:00+05:30,586.0,596.95,580.4,593.95
457,2022-11-07 05:30:00+05:30,613.0,622.7,607.7,614.15
458,2022-11-09 05:30:00+05:30,621.0,621.0,610.55,615.55
459,2022-11-10 05:30:00+05:30,613.1,615.1,602.2,605.75
460,2022-11-11 05:30:00+05:30,617.25,619.55,598.5,601.3
461,2022-11-14 05:30:00+05:30,603.95,603.95,591.65,592.55
462,2022-11-15 05:30:00+05:30,594.3,602.1,592.65,600.85
463,2022-11-16 05:30:00+05:30,599.95,603.5,596.0,599.75
464,2022-11-17 05:30:00+05:30,599.1,602.75,596.15,599.05
465,2022-11-18 05:30:00+05:30,601.0,605.75,597.15,602.7
466,2022-11-21 05:30:00+05:30,602.1,602.1,595.35,598.1
467,2022-11-22 05:30:00+05:30,598.15,600.7,596.15,599.1
468,2022-11-23 05:30:00+05:30,601.55,609.6,601.0,607.65
469,2022-11-24 05:30:00+05:30,609.75,611.3,605.8,609.35
470,2022-11-25 05:30:00+05:30,610.55,613.7,606.25,607.4
471,2022-11-28 05:30:00+05:30,605.6,610.9,602.35,608.6
472,2022-11-29 05:30:00+05:30,607.1,611.8,607.1,608.55
473,2022-11-30 05:30:00+05:30,608.5,611.4,598.4,602.45
474,2022-12-01 05:30:00+05:30,607.85,609.8,601.55,608.1
475,2022-12-02 05:30:00+05:30,607.5,609.6,604.25,607.55
476,2022-12-05 05:30:00+05:30,608.5,618.0,607.55,617.3
477,2022-12-06 05:30:00+05:30,614.75,619.8,607.8,608.95
478,2022-12-07 05:30:00+05:30,610.85,612.9,604.5,607.05
479,2022-12-08 05:30:00+05:30,609.75,613.8,607.15,611.65
480,2022-12-09 05:30:00+05:30,614.4,618.0,609.1,616.5
481,2022-12-12 05:30:00+05:30,614.8,618.7,611.0,613.05
482,2022-12-13 05:30:00+05:30,613.5,617.4,612.5,616.75
483,2022-12-14 05:30:00+05:30,618.5,626.75,617.5,625.5
484,2022-12-15 05:30:00+05:30,625.55,629.55,614.3,615.95
485,2022-12-16 05:30:00+05:30,612.0,615.6,602.1,603.35
486,2022-12-19 05:30:00+05:30,604.0,609.5,603.0,604.45
487,2022-12-20 05:30:00+05:30,603.0,606.5,599.55,604.45
488,2022-12-21 05:30:00+05:30,605.9,609.15,589.6,593.4
489,2022-12-22 05:30:00+05:30,597.0,599.0,587.55,593.4
490,2022-12-23 05:30:00+05:30,590.0,590.7,571.5,574.0
491,2022-12-26 05:30:00+05:30,574.0,601.7,570.7,597.1
492,2022-12-27 05:30:00+05:30,600.4,603.1,593.3,601.9
493,2022-12-28 05:30:00+05:30,600.9,607.0,598.55,601.05
494,2022-12-29 05:30:00+05:30,600.0,618.0,597.15,611.8
495,2022-12-30 05:30:00+05:30,615.25,620.55,611.35,613.7
496,2023-01-02 05:30:00+05:30,614.95,619.2,611.2,612.2
497,2023-01-03 05:30:00+05:30,614.5,616.6,610.0,612.4
498,2023-01-04 05:30:00+05:30,611.85,614.95,604.0,605.2
499,2023-01-05 05:30:00+05:30,607.0,611.6,601.95,605.1
500,2023-01-06 05:30:00+05:30,607.4,607.45,597.0,600.65
501,2023-01-09 05:30:00+05:30,605.0,609.0,600.1,607.7
502,2023-01-10 05:30:00+05:30,608.45,609.0,590.6,595.15
503,2023-01-11 05:30:00+05:30,596.45,599.5,592.25,596.7
504,2023-01-12 05:30:00+05:30,597.9,597.9,590.1,594.9
505,2023-01-13 05:30:00+05:30,597.9,602.9,593.65,600.1
506,2023-01-16 05:30:00+05:30,603.0,606.1,600.6,603.0
507,2023-01-17 05:30:00+05:30,603.0,606.0,586.05,592.95
508,2023-01-18 05:30:00+05:30,595.9,597.15,587.6,591.45
509,2023-01-19 05:30:00+05:30,591.0,591.75,587.55,589.85
510,2023-01-20 05:30:00+05:30,593.8,596.6,590.8,592.2
511,2023-01-23 05:30:00+05:30,598.5,601.75,592.95,600.45
512,2023-01-24 05:30:00+05:30,603.5,604.6,593.05,594.35
513,2023-01-25 05:30:00+05:30,595.85,595.85,567.4,568.7
514,2023-01-27 05:30:00+05:30,568.0,568.55,532.25,539.95
515,2023-01-30 05:30:00+05:30,536.0,554.35,525.2,538.2
516,2023-01-31 05:30:00+05:30,545.0,557.0,537.85,553.5
517,2023-02-01 05:30:00+05:30,561.4,565.0,499.35,527.35
518,2023-02-02 05:30:00+05:30,520.2,532.65,502.5,528.1
519,2023-02-03 05:30:00+05:30,536.0,545.95,519.15,544.2
520,2023-02-06 05:30:00+05:30,558.8,558.8,536.55,545.4
521,2023-02-07 05:30:00+05:30,548.0,551.4,541.05,547.1
522,2023-02-08 05:30:00+05:30,550.0,554.5,545.5,549.75
523,2023-02-09 05:30:00+05:30,552.0,552.0,542.8,550.8
524,2023-02-10 05:30:00+05:30,546.5,557.25,546.5,553.05
525,2023-02-13 05:30:00+05:30,554.0,556.9,533.3,537.5
526,2023-02-14 05:30:00+05:30,539.95,544.6,530.75,540.85
527,2023-02-15 05:30:00+05:30,540.0,544.65,536.8,542.25
528,2023-02-16 05:30:00+05:30,546.85,546.85,538.5,540.1
529,2023-02-17 05:30:00+05:30,538.5,539.65,527.75,531.0
530,2023-02-20 05:30:00+05:30,532.0,533.95,522.15,525.15
531,2023-02-21 05:30:00+05:30,527.1,528.95,522.4,523.45
532,2023-02-22 05:30:00+05:30,520.75,521.9,512.5,516.35
533,2023-02-23 05:30:00+05:30,516.95,524.0,511.35,521.0
534,2023-02-24 05:30:00+05:30,524.2,527.5,517.6,521.05
535,2023-02-27 05:30:00+05:30,521.1,529.8,519.0,527.7
536,2023-02-28 05:30:00+05:30,527.25,528.45,521.05,522.8
537,2023-03-01 05:30:00+05:30,523.25,537.4,523.1,536.7
538,2023-03-02 05:30:00+05:30,535.95,539.9,532.5,533.75
539,2023-03-03 05:30:00+05:30,542.0,564.3,541.75,561.2
540,2023-03-06 05:30:00+05:30,564.9,567.9,559.0,561.7
541,2023-03-08 05:30:00+05:30,560.0,565.5,556.45,564.8
542,2023-03-09 05:30:00+05:30,564.75,565.75,558.0,558.9
543,2023-03-10 05:30:00+05:30,553.1,554.95,545.0,547.35
544,2023-03-13 05:30:00+05:30,547.0,553.15,528.45,530.0
545,2023-03-14 05:30:00+05:30,527.65,532.8,520.0,525.4
546,2023-03-15 05:30:00+05:30,529.8,532.0,515.55,517.55
547,2023-03-16 05:30:00+05:30,518.4,529.35,514.3,524.5
548,2023-03-17 05:30:00+05:30,528.65,531.6,520.1,529.8
549,2023-03-20 05:30:00+05:30,526.6,526.6,515.0,519.2
550,2023-03-21 05:30:00+05:30,522.0,523.45,516.45,521.85
551,2023-03-22 05:30:00+05:30,522.2,527.0,520.1,521.55
552,2023-03-23 05:30:00+05:30,519.4,521.0,511.5,512.75
553,2023-03-24 05:30:00+05:30,514.5,514.95,503.45,505.35
554,2023-03-27 05:30:00+05:30,507.0,514.15,501.55,510.15
555,2023-03-28 05:30:00+05:30,511.45,511.75,503.85,508.1
556,2023-03-29 05:30:00+05:30,509.0,518.0,506.3,516.5
557,2023-03-31 05:30:00+05:30,520.65,524.9,519.35,523.75
558,2023-04-03 05:30:00+05:30,524.75,528.5,522.1,526.75
559,2023-04-05 05:30:00+05:30,527.0,527.6,519.05,523.0
560,2023-04-06 05:30:00+05:30,524.0,533.7,521.65,527.65
561,2023-04-10 05:30:00+05:30,529.25,530.4,524.4,526.3
562,2023-04-11 05:30:00+05:30,530.85,535.7,527.15,532.1
563,2023-04-12 05:30:00+05:30,533.2,534.0,526.0,528.2
564,2023-04-13 05:30:00+05:30,529.3,534.25,527.15,532.95
565,2023-04-17 05:30:00+05:30,528.0,545.0,528.0,544.0
566,2023-04-18 05:30:00+05:30,545.35,548.5,540.5,545.85
567,2023-04-19 05:30:00+05:30,544.0,547.5,538.25,540.3
568,2023-04-20 05:30:00+05:30,541.2,545.45,536.65,544.8
569,2023-04-21 05:30:00+05:30,545.0,546.4,539.7,543.15
570,2023-04-24 05:30:00+05:30,543.8,555.55,543.5,554.6
571,2023-04-25 05:30:00+05:30,555.0,567.9,555.0,561.8
572,2023-04-26 05:30:00+05:30,562.0,567.0,556.45,566.35
573,2023-04-27 05:30:00+05:30,565.0,567.4,561.1,564.75
574,2023-04-28 05:30:00+05:30,567.8,580.45,565.5,578.3
575,2023-05-02 05:30:00+05:30,580.0,580.85,573.15,575.3
576,2023-05-03 05:30:00+05:30,570.65,575.0,569.0,570.5
577,2023-05-04 05:30:00+05:30,570.2,580.8,568.5,580.0
578,2023-05-05 05:30:00+05:30,580.2,588.25,575.05,576.5
579,2023-05-08 05:30:00+05:30,577.65,587.6,577.35,583.6
580,2023-05-09 05:30:00+05:30,585.0,586.45,572.1,573.5
581,2023-05-10 05:30:00+05:30,575.0,575.0,563.25,572.2
582,2023-05-11 05:30:00+05:30,572.2,580.0,572.0,573.45
583,2023-05-12 05:30:00+05:30,574.7,580.75,571.55,578.15
584,2023-05-15 05:30:00+05:30,578.75,584.0,574.65,581.9
585,2023-05-16 05:30:00+05:30,584.0,590.4,582.0,586.3
586,2023-05-17 05:30:00+05:30,586.0,590.5,579.5,586.3
587,2023-05-18 05:30:00+05:30,590.3,593.9,571.4,574.2
588,2023-05-19 05:30:00+05:30,579.0,586.25,569.9,575.15
589,2023-05-22 05:30:00+05:30,577.5,580.3,573.45,577.15
590,2023-05-23 05:30:00+05:30,578.9,583.7,576.8,581.6
591,2023-05-24 05:30:00+05:30,579.8,585.25,578.25,582.7
592,2023-05-25 05:30:00+05:30,582.0,582.9,577.0,581.25
593,2023-05-26 05:30:00+05:30,581.25,587.75,580.55,586.0
594,2023-05-29 05:30:00+05:30,590.0,596.4,588.05,595.0
595,2023-05-30 05:30:00+05:30,595.0,595.5,591.5,592.8
596,2023-05-31 05:30:00+05:30,583.8,584.8,577.5,579.85
597,2023-06-01 05:30:00+05:30,581.8,586.4,581.0,582.75
598,2023-06-02 05:30:00+05:30,584.7,588.9,583.0,587.2
599,2023-06-05 05:30:00+05:30,588.5,589.8,586.0,587.2
600,2023-06-06 05:30:00+05:30,588.0,588.9,583.0,585.35
601,2023-06-07 05:30:00+05:30,588.0,590.6,586.0,589.2
602,2023-06-08 05:30:00+05:30,589.95,593.95,586.35,588.5
603,2023-06-09 05:30:00+05:30,588.0,589.1,576.75,578.7
604,2023-06-12 05:30:00+05:30,580.0,581.5,577.7,578.65
605,2023-06-13 05:30:00+05:30,579.45,581.4,574.25,576.4
606,2023-06-14 05:30:00+05:30,577.0,578.55,575.25,576.55
607,2023-06-15 05:30:00+05:30,576.0,576.7,565.25,566.5
608,2023-06-16 05:30:00+05:30,568.75,574.7,567.05,571.25
609,2023-06-19 05:30:00+05:30,571.25,572.75,565.9,568.85
610,2023-06-20 05:30:00+05:30,568.85,569.45,562.55,567.4
611,2023-06-21 05:30:00+05:30,567.4,569.5,565.65,566.35
612,2023-06-22 05:30:00+05:30,566.35,569.0,561.05,562.95
613,2023-06-23 05:30:00+05:30,562.0,562.1,553.8,554.6
614,2023-06-26 05:30:00+05:30,556.0,558.5,554.5,557.05
615,2023-06-27 05:30:00+05:30,558.25,567.95,555.65,566.1
616,2023-06-28 05:30:00+05:30,572.25,574.0,568.55,569.8
617,2023-06-30 05:30:00+05:30,574.0,574.0,570.2,572.85
618,2023-07-03 05:30:00+05:30,574.5,586.35,573.9,585.45
619,2023-07-04 05:30:00+05:30,588.2,595.95,582.25,589.25
620,2023-07-05 05:30:00+05:30,589.8,593.7,588.2,590.6
621,2023-07-06 05:30:00+05:30,590.4,593.5,589.1,592.5
622,2023-07-07 05:30:00+05:30,590.0,595.5,585.5,593.6
623,2023-07-10 05:30:00+05:30,594.65,599.8,590.25,592.6
624,2023-07-11 05:30:00+05:30,595.0,595.95,587.35,588.55
625,2023-07-12 05:30:00+05:30,589.0,594.5,588.2,589.25
626,2023-07-13 05:30:00+05:30,594.9,598.0,583.35,585.65
627,2023-07-14 05:30:00+05:30,586.75,591.3,580.7,584.4
628,2023-07-17 05:30:00+05:30,587.0,602.85,584.2,601.1
629,2023-07-18 05:30:00+05:30,603.05,604.05,588.75,592.35
630,2023-07-19 05:30:00+05:30,594.65,602.4,592.0,601.45
631,2023-07-20 05:30:00+05:30,601.4,610.8,598.75,610.05
632,2023-07-21 05:30:00+05:30,610.0,619.5,609.0,615.1
633,2023-07-24 05:30:00+05:30,615.05,621.9,614.3,617.65
634,2023-07-25 05:30:00+05:30,621.8,621.8,604.2,609.6
635,2023-07-26 05:30:00+05:30,612.0,616.35,609.15,615.15
636,2023-07-27 05:30:00+05:30,616.4,621.25,613.1,616.55
637,2023-07-28 05:30:00+05:30,616.4,619.9,613.6,616.05
638,2023-07-31 05:30:00+05:30,616.65,621.0,614.5,620.2
639,2023-08-01 05:30:00+05:30,620.2,620.85,610.6,611.85
640,2023-08-02 05:30:00+05:30,609.85,610.5,594.1,598.45
641,2023-08-03 05:30:00+05:30,598.7,600.85,585.0,590.5
642,2023-08-04 05:30:00+05:30,594.8,598.7,571.4,573.3
643,2023-08-07 05:30:00+05:30,577.0,577.0,566.65,567.9
644,2023-08-08 05:30:00+05:30,571.0,574.25,568.45,573.1
645,2023-08-09 05:30:00+05:30,575.0,575.0,568.35,573.75
646,2023-08-10 05:30:00+05:30,573.75,577.6,570.1,573.65
647,2023-08-11 05:30:00+05:30,575.45,579.0,572.0,574.15
648,2023-08-14 05:30:00+05:30,572.95,573.0,558.6,560.8
649,2023-08-16 05:30:00+05:30,558.8,566.4,554.0,565.35
650,2023-08-17 05:30:00+05:30,565.75,573.15,564.0,572.15
651,2023-08-18 05:30:00+05:30,570.0,575.25,567.4,572.95
652,2023-08-21 05:30:00+05:30,572.95,575.55,570.75,571.7
653,2023-08-22 05:30:00+05:30,572.5,574.45,567.5,568.5
654,2023-08-23 05:30:00+05:30,571.0,577.95,566.0,576.9
655,2023-08-24 05:30:00+05:30,578.15,582.0,575.55,576.95
656,2023-08-25 05:30:00+05:30,573.8,575.3,567.2,569.95
657,2023-08-28 05:30:00+05:30,572.8,574.8,569.2,572.85
658,2023-08-29 05:30:00+05:30,573.65,576.3,571.85,574.85
659,2023-08-30 05:30:00+05:30,576.7,577.7,566.1,567.4
660,2023-08-31 05:30:00+05:30,569.3,570.3,559.4,561.35
661,2023-09-01 05:30:00+05:30,562.7,571.2,562.1,569.55
662,2023-09-04 05:30:00+05:30,572.0,576.35,568.45,575.55
663,2023-09-05 05:30:00+05:30,575.6,578.25,571.35,573.0
664,2023-09-06 05:30:00+05:30,574.25,574.25,568.0,570.5
665,2023-09-07 05:30:00+05:30,568.0,581.0,568.0,579.05
666,2023-09-08 05:30:00+05:30,581.0,588.5,579.7,583.45
667,2023-09-11 05:30:00+05:30,587.0,592.3,585.35,591.7
668,2023-09-12 05:30:00+05:30,593.65,594.25,584.65,588.35
669,2023-09-13 05:30:00+05:30,588.4,598.0,583.45,596.45
670,2023-09-14 05:30:00+05:30,598.45,603.7,595.2,597.3
671,2023-09-15 05:30:00+05:30,599.35,600.7,595.2,598.8
672,2023-09-18 05:30:00+05:30,598.8,608.4,597.05,603.95
673,2023-09-20 05:30:00+05:30,600.85,606.8,599.4,601.1
674,2023-09-21 05:30:00+05:30,600.0,606.6,584.65,588.15
675,2023-09-22 05:30:00+05:30,593.5,602.0,591.4,598.15
676,2023-09-25 05:30:00+05:30,601.5,601.5,590.45,594.05
677,2023-09-26 05:30:00+05:30,594.0,595.0,591.25,594.4
678,2023-09-27 05:30:00+05:30,593.45,594.3,588.2,589.75
679,2023-09-28 05:30:00+05:30,591.25,595.2,588.85,589.95
680,2023-09-29 05:30:00+05:30,592.85,600.0,591.3,598.55
681,2023-10-03 05:30:00+05:30,596.6,604.9,589.6,602.95
682,2023-10-04 05:30:00+05:30,600.0,600.45,584.45,586.25
683,2023-10-05 05:30:00+05:30,590.0,594.35,587.1,592.15
684,2023-10-06 05:30:00+05:30,593.4,598.95,592.2,594.25
685,2023-10-09 05:30:00+05:30,588.0,589.0,581.55,585.1
686,2023-10-10 05:30:00+05:30,587.0,595.0,585.75,591.65
687,2023-10-11 05:30:00+05:30,596.9,597.0,587.6,588.35
688,2023-10-12 05:30:00+05:30,590.8,593.0,585.0,586.05
689,2023-10-13 05:30:00+05:30,577.75,581.3,574.8,576.15
690,2023-10-16 05:30:00+05:30,576.0,578.75,571.5,575.65
691,2023-10-17 05:30:00+05:30,577.7,579.95,575.3,576.45
692,2023-10-18 05:30:00+05:30,577.75,579.25,569.35,572.65
693,2023-10-19 05:30:00+05:30,569.8,574.0,567.0,571.2
694,2023-10-20 05:30:00+05:30,569.9,570.0,562.1,563.1
695,2023-10-23 05:30:00+05:30,563.1,566.0,551.0,552.95
696,2023-10-25 05:30:00+05:30,558.6,560.8,553.6,556.2
697,2023-10-26 05:30:00+05:30,551.45,552.9,543.2,547.0
698,2023-10-27 05:30:00+05:30,550.0,562.5,550.0,561.15
699,2023-10-30 05:30:00+05:30,563.0,566.7,556.5,565.2
700,2023-10-31 05:30:00+05:30,567.0,569.5,563.15,565.55
701,2023-11-01 05:30:00+05:30,566.25,569.65,563.85,566.4
702,2023-11-02 05:30:00+05:30,571.1,575.45,567.6,572.1
703,2023-11-03 05:30:00+05:30,576.0,579.5,573.45,578.15
704,2023-11-06 05:30:00+05:30,582.0,582.5,573.25,574.35
705,2023-11-07 05:30:00+05:30,574.8,581.2,572.6,579.75
706,2023-11-08 05:30:00+05:30,581.9,582.6,579.0,580.3
707,2023-11-09 05:30:00+05:30,581.0,581.85,576.5,578.35
708,2023-11-10 05:30:00+05:30,577.8,581.0,575.4,579.5
709,2023-11-12 05:30:00+05:30,584.75,584.75,580.1,581.3
710,2023-11-13 05:30:00+05:30,581.0,582.5,575.2,581.35
711,2023-11-15 05:30:00+05:30,587.25,588.0,582.6,584.7
712,2023-11-16 05:30:00+05:30,584.7,588.0,582.9,584.65
713,2023-11-17 05:30:00+05:30,574.5,574.5,562.1,563.05
714,2023-11-20 05:30:00+05:30,564.0,566.8,560.6,563.75
715,2023-11-21 05:30:00+05:30,566.0,566.65,561.0,561.5
716,2023-11-22 05:30:00+05:30,562.95,564.5,555.15,558.95
717,2023-11-23 05:30:00+05:30,561.75,563.5,558.3,559.95
718,2023-11-24 05:30:00+05:30,561.95,562.45,559.25,560.35
719,2023-11-28 05:30:00+05:30,563.6,565.2,561.1,564.45
720,2023-11-29 05:30:00+05:30,568.0,569.0,565.1,568.6
721,2023-11-30 05:30:00+05:30,569.75,570.2,563.65,564.75
722,2023-12-01 05:30:00+05:30,567.0,574.2,566.55,571.75
723,2023-12-04 05:30:00+05:30,588.0,596.0,584.55,594.7
724,2023-12-05 05:30:00+05:30,595.05,611.3,595.05,608.25
725,2023-12-06 05:30:00+05:30,614.0,614.0,604.55,608.45
726,2023-12-07 05:30:00+05:30,610.0,612.55,605.0,611.7
727,2023-12-08 05:30:00+05:30,610.0,616.8,605.35,614.15
728,2023-12-11 05:30:00+05:30,615.0,619.9,613.1,614.25
729,2023-12-12 05:30:00+05:30,617.0,617.95,610.8,612.4
730,2023-12-13 05:30:00+05:30,614.45,620.5,611.65,619.85
731,2023-12-14 05:30:00+05:30,626.0,627.75,622.4,623.65
732,2023-12-15 05:30:00+05:30,628.0,650.0,619.85,648.25
733,2023-12-18 05:30:00+05:30,646.65,655.65,642.4,648.5
734,2023-12-19 05:30:00+05:30,648.5,659.6,640.25,655.4
735,2023-12-20 05:30:00+05:30,658.7,660.4,633.95,636.45
736,2023-12-21 05:30:00+05:30,632.15,648.95,627.5,643.75
737,2023-12-22 05:30:00+05:30,644.75,649.4,635.15,636.75
738,2023-12-26 05:30:00+05:30,638.85,641.3,635.65,638.05
739,2023-12-27 05:30:00+05:30,640.75,649.45,639.0,648.55
740,2023-12-28 05:30:00+05:30,650.25,653.3,646.5,651.4
741,2023-12-29 05:30:00+05:30,645.5,649.6,639.55,642.05
742,2024-01-01 05:30:00+05:30,642.2,646.9,638.0,641.35
743,2024-01-02 05:30:00+05:30,641.35,648.0,633.85,639.45
744,2024-01-03 05:30:00+05:30,639.35,648.0,635.8,643.45
745,2024-01-04 05:30:00+05:30,642.5,646.4,638.65,642.75
746,2024-01-05 05:30:00+05:30,645.0,651.75,637.75,641.95
747,2024-01-08 05:30:00+05:30,640.0,645.0,625.05,627.0
748,2024-01-09 05:30:00+05:30,632.0,634.35,624.5,625.4
749,2024-01-10 05:30:00+05:30,624.8,625.3,618.2,621.75
750,2024-01-11 05:30:00+05:30,626.0,627.15,618.5,620.2
751,2024-01-12 05:30:00+05:30,623.8,636.5,621.1,633.6
752,2024-01-15 05:30:00+05:30,638.9,645.5,636.1,640.1
753,2024-01-16 05:30:00+05:30,640.0,644.9,633.45,636.9
754,2024-01-17 05:30:00+05:30,624.0,636.8,623.0,626.0
755,2024-01-18 05:30:00+05:30,625.8,633.45,619.05,628.3
756,2024-01-19 05:30:00+05:30,633.0,635.5,624.7,627.75
757,2024-01-20 05:30:00+05:30,629.0,633.8,624.1,631.4
758,2024-01-23 05:30:00+05:30,627.0,634.9,600.65,605.1
759,2024-01-24 05:30:00+05:30,609.95,622.35,603.1,618.3
760,2024-01-25 05:30:00+05:30,618.5,623.8,606.25,612.75
761,2024-01-29 05:30:00+05:30,619.0,629.5,615.6,622.95
762,2024-01-30 05:30:00+05:30,625.45,633.5,624.2,626.75
763,2024-01-31 05:30:00+05:30,626.4,643.2,622.0,640.5
764,2024-02-01 05:30:00+05:30,642.75,652.95,633.25,647.65
765,2024-02-02 05:30:00+05:30,652.0,660.55,646.7,649.65
766,2024-02-05 05:30:00+05:30,647.1,654.8,638.75,642.95
767,2024-02-06 05:30:00+05:30,644.45,655.0,637.7,650.25
768,2024-02-07 05:30:00+05:30,655.05,677.95,655.0,675.25
769,2024-02-08 05:30:00+05:30,680.4,718.9,678.5,699.55
770,2024-02-09 05:30:00+05:30,703.65,728.35,694.2,725.25
771,2024-02-12 05:30:00+05:30,726.0,726.0,704.5,707.9
772,2024-02-13 05:30:00+05:30,708.55,718.0,702.15,713.45
773,2024-02-14 05:30:00+05:30,705.55,748.5,705.55,743.4
774,2024-02-15 05:30:00+05:30,747.7,764.0,741.65,761.7
775,2024-02-16 05:30:00+05:30,763.45,774.6,753.35,754.7
776,2024-02-19 05:30:00+05:30,758.7,765.0,750.0,759.25
777,2024-02-20 05:30:00+05:30,759.05,763.5,754.0,760.1
778,2024-02-21 05:30:00+05:30,760.65,777.5,759.6,771.5
779,2024-02-22 05:30:00+05:30,773.0,773.0,757.0,765.9
780,2024-02-23 05:30:00+05:30,765.9,770.5,755.0,759.05
781,2024-02-26 05:30:00+05:30,755.0,766.35,752.7,758.9
782,2024-02-27 05:30:00+05:30,758.9,762.35,742.2,749.85
783,2024-02-28 05:30:00+05:30,749.85,756.75,741.0,742.5
784,2024-02-29 05:30:00+05:30,743.9,753.9,737.15,748.1
785,2024-03-01 05:30:00+05:30,752.0,772.0,751.95,769.15
786,2024-03-02 05:30:00+05:30,771.95,777.0,768.9,773.3
787,2024-03-04 05:30:00+05:30,774.4,777.0,769.0,772.05
788,2024-03-05 05:30:00+05:30,769.5,786.95,769.1,783.95
789,2024-03-06 05:30:00+05:30,783.65,790.3,772.9,783.9
790,2024-03-07 05:30:00+05:30,790.0,793.4,783.0,788.05
791,2024-03-11 05:30:00+05:30,790.0,792.8,770.55,773.7
792,2024-03-12 05:30:00+05:30,770.0,777.75,757.35,759.7
793,2024-03-13 05:30:00+05:30,758.65,763.7,743.0,747.25
794,2024-03-14 05:30:00+05:30,749.9,750.8,734.05,741.05
795,2024-03-15 05:30:00+05:30,739.25,746.55,723.0,731.9
796,2024-03-18 05:30:00+05:30,727.1,737.9,722.1,730.95
797,2024-03-19 05:30:00+05:30,730.0,734.35,721.15,723.8
798,2024-03-20 05:30:00+05:30,725.15,738.95,719.8,736.25
799,2024-03-21 05:30:00+05:30,742.0,750.6,740.55,744.3
800,2024-03-22 05:30:00+05:30,743.85,748.8,741.4,746.7
801,2024-03-26 05:30:00+05:30,743.05,747.85,738.5,740.05
802,2024-03-27 05:30:00+05:30,743.0,745.85,730.2,733.3
803,2024-03-28 05:30:00+05:30,737.75,759.55,736.9,752.35
804,2024-04-01 05:30:00+05:30,759.05,761.5,752.1,758.3
805,2024-04-02 05:30:00+05:30,758.2,768.75,753.35,766.4
806,2024-04-03 05:30:00+05:30,764.9,772.6,760.15,771.05
807,2024-04-04 05:30:00+05:30,775.0,775.3,758.1,759.3
808,2024-04-05 05:30:00+05:30,757.95,767.7,752.6,764.75
809,2024-04-08 05:30:00+05:30,766.05,770.0,761.8,768.3
810,2024-04-09 05:30:00+05:30,768.45,772.45,761.1,764.2
811,2024-04-10 05:30:00+05:30,766.5,780.7,763.65,779.05
812,2024-04-12 05:30:00+05:30,777.25,779.5,764.8,766.3
813,2024-04-15 05:30:00+05:30,759.8,763.3,748.75,757.5
814,2024-04-16 05:30:00+05:30,751.25,754.9,744.4,751.7
815,2024-04-18 05:30:00+05:30,752.05,759.95,742.0,744.8
816,2024-04-19 05:30:00+05:30,734.5,752.0,732.05,750.45
817,2024-04-22 05:30:00+05:30,754.15,769.0,750.45,766.1
818,2024-04-23 05:30:00+05:30,770.35,777.7,765.55,773.0
819,2024-04-24 05:30:00+05:30,778.5,778.5,770.2,773.1
820,2024-04-25 05:30:00+05:30,770.65,814.4,769.65,812.7
821,2024-04-26 05:30:00+05:30,815.9,816.9,798.9,801.3
822,2024-04-29 05:30:00+05:30,807.0,831.25,798.7,826.5
823,2024-04-30 05:30:00+05:30,826.5,834.85,819.9,826.25
824,2024-05-02 05:30:00+05:30,826.9,833.9,825.0,830.05
825,2024-05-03 05:30:00+05:30,834.8,836.2,820.0,831.45
826,2024-05-06 05:30:00+05:30,835.0,836.0,803.0,807.8
827,2024-05-07 05:30:00+05:30,812.0,814.65,793.2,801.9
828,2024-05-08 05:30:00+05:30,802.6,822.0,799.5,810.8
829,2024-05-09 05:30:00+05:30,811.9,839.65,803.55,819.8
830,2024-05-10 05:30:00+05:30,827.0,832.05,815.6,817.35
831,2024-05-13 05:30:00+05:30,819.85,819.85,798.6,808.8
832,2024-05-14 05:30:00+05:30,813.0,822.4,807.9,818.2
833,2024-05-15 05:30:00+05:30,821.0,825.3,818.05,820.3
834,2024-05-16 05:30:00+05:30,825.3,826.15,797.35,811.95
835,2024-05-17 05:30:00+05:30,814.5,822.45,811.2,817.85
836,2024-05-18 05:30:00+05:30,822.0,823.0,819.2,821.0
837,2024-05-21 05:30:00+05:30,821.0,836.3,819.6,830.65
838,2024-05-22 05:30:00+05:30,826.55,826.65,813.55,818.75
839,2024-05-23 05:30:00+05:30,824.7,835.5,822.0,832.1
840,2024-05-24 05:30:00+05:30,830.0,841.25,827.0,828.6
841,2024-05-27 05:30:00+05:30,832.6,839.4,823.0,833.7
842,2024-05-28 05:30:00+05:30,835.7,840.7,823.3,831.15
843,2024-05-29 05:30:00+05:30,828.4,834.45,819.3,822.65
844,2024-05-30 05:30:00+05:30,821.4,836.0,819.3,825.85
845,2024-05-31 05:30:00+05:30,830.7,835.0,817.1,830.35
846,2024-06-03 05:30:00+05:30,863.55,912.0,856.75,905.65
847,2024-06-04 05:30:00+05:30,897.0,897.0,731.95,775.2
848,2024-06-05 05:30:00+05:30,790.75,795.0,744.05,789.75
849,2024-06-06 05:30:00+05:30,800.0,833.35,796.0,816.95
850,2024-06-07 05:30:00+05:30,819.9,831.5,810.5,829.95
851,2024-06-10 05:30:00+05:30,834.15,845.45,829.2,831.8
852,2024-06-11 05:30:00+05:30,836.0,839.6,829.05,835.55
853,2024-06-12 05:30:00+05:30,837.0,845.55,833.0,839.1
854,2024-06-13 05:30:00+05:30,845.0,845.9,836.1,843.9
855,2024-06-14 05:30:00+05:30,845.0,849.9,835.1,839.2
856,2024-06-18 05:30:00+05:30,841.55,851.5,840.25,844.9
857,2024-06-19 05:30:00+05:30,846.8,860.6,841.0,852.6
858,2024-06-20 05:30:00+05:30,853.0,853.1,842.35,843.75
859,2024-06-21 05:30:00+05:30,844.9,848.05,828.6,836.3
860,2024-06-24 05:30:00+05:30,831.5,836.0,821.05,832.7
861,2024-06-25 05:30:00+05:30,837.0,845.85,834.3,842.25
862,2024-06-26 05:30:00+05:30,839.85,848.8,836.0,845.35
863,2024-06-27 05:30:00+05:30,843.9,847.4,838.25,844.0
864,2024-06-28 05:30:00+05:30,846.9,864.0,844.0,848.95
865,2024-07-01 05:30:00+05:30,849.35,850.5,839.95,841.95
866,2024-07-02 05:30:00+05:30,844.0,846.3,823.15,826.15
867,2024-07-03 05:30:00+05:30,829.0,843.85,825.0,839.95
868,2024-07-04 05:30:00+05:30,843.0,844.9,834.3,839.3
869,2024-07-05 05:30:00+05:30,838.0,861.25,837.0,859.75
870,2024-07-08 05:30:00+05:30,859.75,865.0,853.5,856.25
871,2024-07-09 05:30:00+05:30,859.9,869.95,856.0,861.3
872,2024-07-10 05:30:00+05:30,860.1,860.25,843.5,849.0
873,2024-07-11 05:30:00+05:30,854.4,858.3,849.75,856.7
874,2024-07-12 05:30:00+05:30,856.7,863.0,855.3,859.7
875,2024-07-15 05:30:00+05:30,859.7,887.35,859.7,881.35
876,2024-07-16 05:30:00+05:30,882.3,888.1,874.3,880.7
877,2024-07-18 05:30:00+05:30,880.65,894.9,877.5,893.55
878,2024-07-19 05:30:00+05:30,895.0,899.0,883.3,889.35
879,2024-07-22 05:30:00+05:30,881.45,895.0,868.0,876.8
880,2024-07-23 05:30:00+05:30,883.0,884.5,849.1,863.9
881,2024-07-24 05:30:00+05:30,864.2,868.0,847.2,852.0
882,2024-07-25 05:30:00+05:30,847.5,850.75,841.2,848.5
883,2024-07-26 05:30:00+05:30,844.65,864.25,844.0,862.45
884,2024-07-29 05:30:00+05:30,866.05,889.1,863.2,871.6
885,2024-07-30 05:30:00+05:30,874.7,880.55,869.0,872.8
886,2024-07-31 05:30:00+05:30,873.85,874.95,868.0,872.4
887,2024-08-01 05:30:00+05:30,877.8,881.4,859.45,862.65
888,2024-08-02 05:30:00+05:30,856.7,858.3,846.15,847.85
889,2024-08-05 05:30:00+05:30,830.0,831.35,800.0,811.65
890,2024-08-06 05:30:00+05:30,822.65,826.55,795.65,797.7
891,2024-08-07 05:30:00+05:30,809.0,810.7,800.55,808.65
892,2024-08-08 05:30:00+05:30,812.0,817.8,802.8,808.05
893,2024-08-09 05:30:00+05:30,816.0,829.95,809.55,824.3
894,2024-08-12 05:30:00+05:30,820.6,823.0,811.2,812.6
895,2024-08-13 05:30:00+05:30,813.5,820.0,795.05,797.55
896,2024-08-14 05:30:00+05:30,800.95,809.15,800.4,803.0
897,2024-08-16 05:30:00+05:30,803.0,814.9,803.0,812.1
898,2024-08-19 05:30:00+05:30,815.0,825.4,812.6,813.7
899,2024-08-20 05:30:00+05:30,817.95,823.0,813.35,820.3
900,2024-08-21 05:30:00+05:30,820.3,821.0,811.2,815.55
901,2024-08-22 05:30:00+05:30,819.0,823.9,817.1,820.3
902,2024-08-23 05:30:00+05:30,821.5,822.0,814.5,815.35
903,2024-08-26 05:30:00+05:30,818.0,823.45,813.8,815.05
904,2024-08-27 05:30:00+05:30,817.8,819.45,811.05,815.9
905,2024-08-28 05:30:00+05:30,814.75,817.2,806.5,809.4
906,2024-08-29 05:30:00+05:30,809.55,816.0,806.95,814.5
907,2024-08-30 05:30:00+05:30,817.15,820.7,814.35,815.6
908,2024-09-02 05:30:00+05:30,817.3,825.4,813.05,822.15
909,2024-09-03 05:30:00+05:30,822.15,825.95,816.4,824.8
910,2024-09-04 05:30:00+05:30,815.45,818.65,813.65,816.5
911,2024-09-05 05:30:00+05:30,818.35,822.15,814.4,818.75
912,2024-09-06 05:30:00+05:30,811.5,812.9,777.0,782.5
913,2024-09-09 05:30:00+05:30,785.0,788.2,771.0,784.25
914,2024-09-10 05:30:00+05:30,788.0,788.8,777.5,782.65
915,2024-09-11 05:30:00+05:30,780.05,788.0,765.4,768.6
916,2024-09-12 05:30:00+05:30,775.0,789.9,772.75,787.75
917,2024-09-13 05:30:00+05:30,791.0,795.0,785.1,790.85
918,2024-09-16 05:30:00+05:30,790.85,795.0,784.4,785.55
919,2024-09-17 05:30:00+05:30,785.6,787.5,780.55,782.9
920,2024-09-18 05:30:00+05:30,783.8,794.75,782.0,792.75
921,2024-09-19 05:30:00+05:30,795.05,801.35,784.05,789.95
922,2024-09-20 05:30:00+05:30,794.85,794.85,779.5,781.7
923,2024-09-23 05:30:00+05:30,786.0,805.0,784.5,801.85
924,2024-09-24 05:30:00+05:30,799.25,804.25,796.5,798.25
925,2024-09-25 05:30:00+05:30,797.9,798.0,788.7,793.1
926,2024-09-26 05:30:00+05:30,796.0,803.0,791.6,801.85
927,2024-09-27 05:30:00+05:30,801.85,808.0,798.45,802.65
928,2024-09-30 05:30:00+05:30,801.9,802.6,786.45,787.9
929,2024-10-01 05:30:00+05:30,788.0,800.35,788.0,796.95
930,2024-10-03 05:30:00+05:30,789.9,804.0,784.3,794.1
931,2024-10-04 05:30:00+05:30,792.0,809.85,785.25,796.65
932,2024-10-07 05:30:00+05:30,800.0,804.0,765.4,770.65
933,2024-10-08 05:30:00+05:30,772.25,784.4,772.25,781.45
934,2024-10-09 05:30:00+05:30,786.7,804.35,782.05,797.4
935,2024-10-10 05:30:00+05:30,799.0,804.45,795.0,797.1
936,2024-10-11 05:30:00+05:30,797.2,802.7,793.0,799.75
937,2024-10-14 05:30:00+05:30,802.0,809.25,800.8,805.15
938,2024-10-15 05:30:00+05:30,805.5,807.5,801.6,804.65
939,2024-10-16 05:30:00+05:30,802.8,809.0,802.05,805.45
940,2024-10-17 05:30:00+05:30,809.5,819.5,806.0,811.05
941,2024-10-18 05:30:00+05:30,811.1,822.6,802.9,820.4
942,2024-10-21 05:30:00+05:30,824.7,826.45,809.0,813.95
943,2024-10-22 05:30:00+05:30,814.0,816.85,787.5,790.4
944,2024-10-23 05:30:00+05:30,790.0,792.6,779.8,786.0
945,2024-10-24 05:30:00+05:30,786.05,797.0,784.65,794.55
946,2024-10-25 05:30:00+05:30,798.0,800.75,772.0,780.95
947,2024-10-28 05:30:00+05:30,783.8,803.95,783.55,792.05
948,2024-10-29 05:30:00+05:30,796.0,834.85,790.5,832.7
949,2024-10-30 05:30:00+05:30,828.0,833.0,821.05,822.45
950,2024-10-31 05:30:00+05:30,820.0,828.0,813.55,820.2
951,2024-11-01 05:30:00+05:30,822.4,825.6,818.9,821.2
952,2024-11-04 05:30:00+05:30,822.7,837.5,807.1,829.85
953,2024-11-05 05:30:00+05:30,829.85,851.4,826.25,849.2
954,2024-11-06 05:30:00+05:30,849.2,861.4,846.2,854.8
955,2024-11-07 05:30:00+05:30,861.0,862.4,846.7,859.6
956,2024-11-08 05:30:00+05:30,859.6,863.5,834.2,843.15
957,2024-11-11 05:30:00+05:30,846.0,854.0,842.0,847.65
958,2024-11-12 05:30:00+05:30,852.5,853.4,824.3,826.7
959,2024-11-13 05:30:00+05:30,823.35,831.75,804.65,808.65
960,2024-11-14 05:30:00+05:30,808.65,818.0,801.05,804.25
961,2024-11-18 05:30:00+05:30,811.0,816.7,799.25,814.3
962,2024-11-19 05:30:00+05:30,819.0,820.3,800.1,803.0
963,2024-11-21 05:30:00+05:30,798.5,798.5,761.55,780.75
964,2024-11-22 05:30:00+05:30,786.0,819.95,784.05,816.05
965,2024-11-25 05:30:00+05:30,827.0,849.6,825.65,844.45
966,2024-11-26 05:30:00+05:30,844.0,846.7,835.55,839.4
967,2024-11-27 05:30:00+05:30,838.5,842.5,832.1,834.1
968,2024-11-28 05:30:00+05:30,834.1,845.8,830.5,838.85
969,2024-11-29 05:30:00+05:30,841.1,844.05,831.55,838.95
970,2024-12-02 05:30:00+05:30,838.95,842.0,832.7,836.4
971,2024-12-03 05:30:00+05:30,838.0,856.6,836.9,853.95
972,2024-12-04 05:30:00+05:30,853.95,864.0,850.3,859.7
973,2024-12-05 05:30:00+05:30,860.0,871.45,855.6,865.45
974,2024-12-06 05:30:00+05:30,865.25,875.45,857.0,863.65
975,2024-12-09 05:30:00+05:30,859.0,866.85,856.95,858.05
976,2024-12-10 05:30:00+05:30,861.8,868.95,858.05,867.5
977,2024-12-11 05:30:00+05:30,867.5,869.85,860.95,861.6
978,2024-12-12 05:30:00+05:30,861.5,864.3,851.15,853.7
979,2024-12-13 05:30:00+05:30,852.6,862.9,835.0,861.55
980,2024-12-16 05:30:00+05:30,859.8,866.4,857.8,860.95
981,2024-12-17 05:30:00+05:30,858.55,862.6,847.05,850.55
982,2024-12-18 05:30:00+05:30,851.0,852.0,837.0,838.15
983,2024-12-19 05:30:00+05:30,824.6,838.0,820.2,832.8
984,2024-12-20 05:30:00+05:30,834.9,836.0,810.0,812.0
985,2024-12-23 05:30:00+05:30,817.3,824.0,812.2,821.15
986,2024-12-24 05:30:00+05:30,824.25,826.2,809.2,812.05
987,2024-12-26 05:30:00+05:30,813.0,822.85,808.0,812.45
988,2024-12-27 05:30:00+05:30,816.3,818.3,797.2,799.65
989,2024-12-30 05:30:00+05:30,802.0,807.95,785.0,788.3
990,2024-12-31 05:30:00+05:30,786.95,799.2,786.0,794.95
991,2025-01-01 05:30:00+05:30,795.55,798.65,789.5,793.2
992,2025-01-02 05:30:00+05:30,795.0,802.4,787.0,801.2
993,2025-01-03 05:30:00+05:30,801.2,809.5,792.15,793.4
994,2025-01-06 05:30:00+05:30,797.4,797.6,773.15,776.4
995,2025-01-07 05:30:00+05:30,779.85,783.85,774.85,778.75
996,2025-01-08 05:30:00+05:30,780.9,783.95,760.1,771.15
997,2025-01-09 05:30:00+05:30,771.15,771.35,726.25,760.45
998,2025-01-10 05:30:00+05:30,760.35,763.4,742.05,743.25
999,2025-01-13 05:30:00+05:30,741.5,743.95,722.5,729.5
1000,2025-01-14 05:30:00+05:30,732.95,757.0,732.95,748.15
1001,2025-01-15 05:30:00+05:30,753.15,758.9,750.0,753.7
1002,2025-01-16 05:30:00+05:30,760.4,776.7,760.4,766.3
1003,2025-01-17 05:30:00+05:30,766.3,767.95,759.4,764.1
1004,2025-01-20 05:30:00+05:30,769.0,785.0,767.85,779.25
1005,2025-01-21 05:30:00+05:30,784.8,784.9,756.05,759.05
1006,2025-01-22 05:30:00+05:30,762.0,763.0,738.0,753.45
1007,2025-01-23 05:30:00+05:30,750.0,755.65,743.1,745.9
1008,2025-01-24 05:30:00+05:30,749.9,753.7,739.0,744.15
1009,2025-01-27 05:30:00+05:30,740.0,755.35,735.9,749.2
1010,2025-01-28 05:30:00+05:30,757.0,759.75,745.4,752.4
1011,2025-01-29 05:30:00+05:30,753.0,760.8,749.8,758.45
1012,2025-01-30 05:30:00+05:30,758.55,765.0,754.75,762.6
1013,2025-01-31 05:30:00+05:30,764.9,777.55,759.5,772.9
1014,2025-02-01 05:30:00+05:30,774.8,778.75,752.15,766.0
1015,2025-02-03 05:30:00+05:30,762.8,762.8,753.15,760.95
1016,2025-02-04 05:30:00+05:30,767.0,781.25,765.65,779.2
1017,2025-02-05 05:30:00+05:30,780.0,782.0,765.0,766.05
1018,2025-02-06 05:30:00+05:30,769.0,770.85,750.05,752.25
1019,2025-02-07 05:30:00+05:30,759.8,759.9,731.75,737.2
1020,2025-02-10 05:30:00+05:30,740.0,743.9,733.4,736.8
1021,2025-02-11 05:30:00+05:30,737.45,740.15,726.55,731.1
1022,2025-02-12 05:30:00+05:30,733.15,738.7,717.15,733.15
1023,2025-02-13 05:30:00+05:30,734.4,737.5,726.15,727.65
1024,2025-02-14 05:30:00+05:30,730.95,732.9,716.2,722.15
1025,2025-02-17 05:30:00+05:30,719.05,728.75,711.55,727.7
1026,2025-02-18 05:30:00+05:30,727.7,728.25,717.35,725.8
1027,2025-02-19 05:30:00+05:30,722.05,734.85,722.05,727.3
1028,2025-02-20 05:30:00+05:30,724.9,731.5,723.35,729.7
1029,2025-02-21 05:30:00+05:30,727.3,731.7,720.0,722.0
1030,2025-02-24 05:30:00+05:30,710.5,719.75,710.5,716.4
1031,2025-02-25 05:30:00+05:30,718.95,718.95,710.0,710.9
1032,2025-02-27 05:30:00+05:30,716.0,717.7,701.1,703.9
1033,2025-02-28 05:30:00+05:30,700.9,701.35,682.6,688.8
1034,2025-03-03 05:30:00+05:30,690.15,697.4,680.0,695.3
1035,2025-03-04 05:30:00+05:30,693.0,718.45,692.1,716.05
1036,2025-03-05 05:30:00+05:30,717.55,731.3,717.0,730.35
1037,2025-03-06 05:30:00+05:30,736.0,736.75,727.0,732.05
1038,2025-03-07 05:30:00+05:30,732.05,734.85,728.0,732.75
1039,2025-03-10 05:30:00+05:30,732.75,738.5,726.6,728.9
1040,2025-03-11 05:30:00+05:30,724.9,734.05,722.7,729.85
1041,2025-03-12 05:30:00+05:30,730.6,737.0,719.05,723.05
1042,2025-03-13 05:30:00+05:30,725.9,731.45,724.5,727.85
1043,2025-03-17 05:30:00+05:30,728.9,731.25,722.3,723.15
1044,2025-03-18 05:30:00+05:30,726.6,738.45,722.6,736.7
1045,2025-03-19 05:30:00+05:30,739.6,749.3,739.1,745.1
1046,2025-03-20 05:30:00+05:30,748.0,752.7,744.2,749.55
1047,2025-03-21 05:30:00+05:30,749.95,755.6,747.0,753.2
1048,2025-03-24 05:30:00+05:30,758.0,782.95,755.1,780.8
1049,2025-03-25 05:30:00+05:30,783.9,786.0,769.2,772.85
1050,2025-03-26 05:30:00+05:30,772.0,776.05,761.45,764.0
1051,2025-03-27 05:30:00+05:30,763.8,775.8,760.5,772.3
1052,2025-03-28 05:30:00+05:30,772.1,778.6,767.0,771.5
1053,2025-04-01 05:30:00+05:30,766.8,782.75,763.2,771.7
1054,2025-04-02 05:30:00+05:30,772.3,777.0,764.3,775.95
1055,2025-04-03 05:30:00+05:30,770.0,784.7,769.95,779.2
1056,2025-04-04 05:30:00+05:30,779.1,782.9,765.0,767.45
1057,2025-04-07 05:30:00+05:30,730.0,753.7,730.0,746.9
1058,2025-04-08 05:30:00+05:30,760.0,774.0,758.15,768.6
1059,2025-04-09 05:30:00+05:30,767.0,767.95,741.0,742.2
1060,2025-04-11 05:30:00+05:30,759.0,759.7,746.0,753.85
1061,2025-04-15 05:30:00+05:30,770.0,770.7,757.1,763.5
1062,2025-04-16 05:30:00+05:30,763.5,774.75,760.5,771.75
1063,2025-04-17 05:30:00+05:30,772.0,801.0,767.15,797.45
1064,2025-04-21 05:30:00+05:30,803.0,824.35,801.4,816.7
1065,2025-04-22 05:30:00+05:30,821.15,835.5,814.0,822.4
1066,2025-04-23 05:30:00+05:30,826.0,831.0,810.1,813.45
1067,2025-04-24 05:30:00+05:30,812.75,819.0,811.15,813.4
1068,2025-04-25 05:30:00+05:30,815.0,819.0,787.0,798.65
1069,2025-04-28 05:30:00+05:30,798.65,822.8,797.4,817.35
1070,2025-04-29 05:30:00+05:30,820.0,829.0,809.0,812.55
1071,2025-04-30 05:30:00+05:30,811.5,811.5,784.5,788.65
1072,2025-05-02 05:30:00+05:30,790.35,803.4,789.0,800.0
1073,2025-05-05 05:30:00+05:30,782.0,799.0,782.0,790.0
1074,2025-05-06 05:30:00+05:30,793.95,799.15,771.1,774.1
1075,2025-05-07 05:30:00+05:30,765.3,782.4,764.55,776.1
1076,2025-05-08 05:30:00+05:30,779.0,786.5,764.0,769.0
1077,2025-05-09 05:30:00+05:30,756.5,781.7,755.5,779.25
1078,2025-05-12 05:30:00+05:30,799.0,803.9,793.0,801.65
1079,2025-05-13 05:30:00+05:30,798.6,807.65,797.2,801.75
1080,2025-05-14 05:30:00+05:30,805.75,807.5,796.3,800.7
1081,2025-05-15 05:30:00+05:30,804.45,809.45,794.5,807.75
1082,2025-05-16 05:30:00+05:30,804.0,804.0,791.0,792.1
1083,2025-05-19 05:30:00+05:30,792.1,801.4,792.1,795.0
1084,2025-05-20 05:30:00+05:30,798.15,799.4,783.8,785.65
1085,2025-05-21 05:30:00+05:30,787.0,791.0,779.1,787.1
1086,2025-05-22 05:30:00+05:30,788.0,788.2,780.3,785.25
1087,2025-05-23 05:30:00+05:30,787.9,794.95,786.2,790.5
1088,2025-05-26 05:30:00+05:30,792.0,797.55,789.2,794.4
1089,2025-05-27 05:30:00+05:30,794.4,801.35,790.05,793.7
1090,2025-05-28 05:30:00+05:30,794.5,798.9,792.65,796.55
1091,2025-05-29 05:30:00+05:30,799.0,800.4,791.35,797.35
1092,2025-05-30 05:30:00+05:30,798.0,814.5,792.6,812.3
1093,2025-06-02 05:30:00+05:30,812.85,822.55,809.2,813.65
1094,2025-06-03 05:30:00+05:30,816.2,818.4,805.15,809.8
1095,2025-06-04 05:30:00+05:30,817.0,817.0,805.25,806.5
1096,2025-06-05 05:30:00+05:30,808.7,811.7,802.85,806.0
1097,2025-06-06 05:30:00+05:30,806.65,816.45,803.1,813.05
1098,2025-06-09 05:30:00+05:30,817.4,824.5,815.7,820.05
1099,2025-06-10 05:30:00+05:30,821.0,822.05,814.6,817.05
1100,2025-06-11 05:30:00+05:30,817.0,820.6,813.05,815.05
1101,2025-06-12 05:30:00+05:30,816.0,816.5,801.2,805.95
1102,2025-06-13 05:30:00+05:30,786.25,796.3,786.25,792.35
1103,2025-06-16 05:30:00+05:30,792.5,795.4,786.15,792.5
1104,2025-06-17 05:30:00+05:30,794.0,798.85,790.55,792.3
1105,2025-06-18 05:30:00+05:30,792.5,795.5,788.35,791.9
1106,2025-06-19 05:30:00+05:30,792.35,793.25,781.7,785.1
1107,2025-06-20 05:30:00+05:30,787.5,799.45,786.1,796.15
1108,2025-06-23 05:30:00+05:30,790.0,794.95,788.5,790.2
1109,2025-06-24 05:30:00+05:30,799.0,806.65,793.65,795.4
1110,2025-06-25 05:30:00+05:30,799.5,803.8,796.1,800.05
1111,2025-06-26 05:30:00+05:30,802.0,803.35,791.4,797.05
1112,2025-06-27 05:30:00+05:30,805.0,809.45,802.65,805.4
1113,2025-06-30 05:30:00+05:30,809.0,821.0,807.05,820.35
1114,2025-07-01 05:30:00+05:30,820.0,824.9,813.25,820.3
1115,2025-07-02 05:30:00+05:30,821.0,824.05,809.0,812.9
1116,2025-07-03 05:30:00+05:30,813.5,814.5,805.8,807.1
1117,2025-07-04 05:30:00+05:30,808.75,813.85,804.1,811.85
1118,2025-07-07 05:30:00+05:30,811.2,812.65,805.15,806.85
1119,2025-07-08 05:30:00+05:30,807.9,813.55,805.35,812.65
1120,2025-07-09 05:30:00+05:30,810.0,812.45,809.0,810.95
1121,2025-07-10 05:30:00+05:30,811.3,815.5,806.9,808.0
1122,2025-07-11 05:30:00+05:30,807.55,812.55,804.55,808.65
1123,2025-07-14 05:30:00+05:30,809.8,815.5,808.0,808.85
1124,2025-07-15 05:30:00+05:30,811.0,821.0,810.5,816.45
1125,2025-07-16 05:30:00+05:30,816.0,834.2,815.3,831.7
1126,2025-07-17 05:30:00+05:30,838.4,842.5,826.35,829.0
1127,2025-07-18 05:30:00+05:30,832.0,832.65,820.25,823.35
1128,2025-07-21 05:30:00+05:30,823.0,827.35,817.95,824.2
1129,2025-07-22 05:30:00+05:30,827.5,828.05,814.0,815.0
1130,2025-07-23 05:30:00+05:30,812.5,825.2,811.5,820.65
1131,2025-07-24 05:30:00+05:30,820.0,821.95,810.65,815.7
1132,2025-07-25 05:30:00+05:30,815.0,819.2,805.5,806.55
1133,2025-07-28 05:30:00+05:30,806.55,808.95,796.0,797.15
1134,2025-07-29 05:30:00+05:30,796.2,800.0,793.1,799.2
1135,2025-07-30 05:30:00+05:30,798.95,803.4,796.2,801.65
1136,2025-07-31 05:30:00+05:30,795.1,803.8,792.55,796.55
1137,2025-08-01 05:30:00+05:30,795.7,801.0,792.0,794.0
1138,2025-08-04 05:30:00+05:30,794.5,797.2,786.55,795.7
1139,2025-08-05 05:30:00+05:30,798.0,804.05,796.3,800.6
1140,2025-08-06 05:30:00+05:30,800.95,810.2,799.0,805.15
1141,2025-08-07 05:30:00+05:30,801.1,806.65,793.4,805.15
1142,2025-08-08 05:30:00+05:30,805.0,807.8,790.0,804.3
1143,2025-08-11 05:30:00+05:30,808.0,825.0,808.0,823.45
1144,2025-08-12 05:30:00+05:30,824.95,825.5,820.0,820.6
1145,2025-08-13 05:30:00+05:30,822.65,824.95,820.65,821.85
1146,2025-08-14 05:30:00+05:30,822.0,828.0,819.1,826.55
1147,2025-08-18 05:30:00+05:30,836.0,838.0,825.15,827.65
1148,2025-08-19 05:30:00+05:30,827.5,831.0,825.8,830.4
1149,2025-08-20 05:30:00+05:30,828.7,831.9,827.4,828.95
1150,2025-08-21 05:30:00+05:30,828.95,833.25,824.05,825.7
