Timestamp,Open,High,Low,Close,Volume,Date
1609459200,994.0,998.5,991.0,993.75,9244004,2021-01-01 05:30:00+05:30
1609718400,997.55,999.45,984.0,995.43,22625984,2021-01-04 05:30:00+05:30
1609804800,984.5,991.8,978.0,983.05,22265606,2021-01-05 05:30:00+05:30
1609891200,982.95,983.0,952.58,957.13,42828540,2021-01-06 05:30:00+05:30
1609977600,960.25,972.5,952.58,955.58,29836812,2021-01-07 05:30:00+05:30
1610064000,959.0,969.2,956.05,966.85,25419584,2021-01-08 05:30:00+05:30
1610323200,969.4,969.4,946.25,948.63,30743112,2021-01-11 05:30:00+05:30
1610409600,951.5,980.0,949.95,978.53,37992094,2021-01-12 05:30:00+05:30
1610496000,981.78,987.48,959.23,969.4,24569752,2021-01-13 05:30:00+05:30
1610582400,972.5,983.45,969.53,980.3,19893636,2021-01-14 05:30:00+05:30
1610668800,980.3,986.9,960.03,968.73,19007580,2021-01-15 05:30:00+05:30
1610928000,974.55,998.5,961.68,991.98,32397712,2021-01-18 05:30:00+05:30
1611014400,997.33,1015.5,997.33,1008.2,29542096,2021-01-19 05:30:00+05:30
1611100800,1010.7,1029.0,1000.7,1027.35,28543338,2021-01-20 05:30:00+05:30
1611187200,1041.0,1060.0,1037.5,1049.7,36077974,2021-01-21 05:30:00+05:30
1611273600,1055.5,1057.68,1017.58,1024.8,28181636,2021-01-22 05:30:00+05:30
1611532800,1017.48,1017.48,966.0,970.5,50033140,2021-01-25 05:30:00+05:30
1611705600,962.5,962.5,944.0,947.5,39107618,2021-01-27 05:30:00+05:30
1611792000,940.08,961.65,935.0,938.28,31444582,2021-01-28 05:30:00+05:30
1611878400,947.15,956.55,915.0,920.98,40346516,2021-01-29 05:30:00+05:30
1612137600,929.7,952.5,924.0,947.65,31549008,2021-02-01 05:30:00+05:30
1612224000,957.13,970.0,927.48,962.9,38276828,2021-02-02 05:30:00+05:30
1612310400,964.15,976.0,950.0,965.33,27968456,2021-02-03 05:30:00+05:30
1612396800,962.0,970.0,952.5,962.15,23653696,2021-02-04 05:30:00+05:30
1612483200,965.03,972.33,960.0,961.88,18688940,2021-02-05 05:30:00+05:30
1612742400,966.53,984.5,964.53,975.73,19552272,2021-02-08 05:30:00+05:30
1612828800,980.98,994.8,976.15,978.08,18094616,2021-02-09 05:30:00+05:30
1612915200,976.88,992.38,963.65,987.15,19599120,2021-02-10 05:30:00+05:30
1613001600,990.0,1032.1,986.13,1027.85,39263740,2021-02-11 05:30:00+05:30
1613088000,1027.75,1039.0,1007.7,1020.8,28148748,2021-02-12 05:30:00+05:30
1613347200,1024.03,1030.65,1012.5,1016.3,14575180,2021-02-15 05:30:00+05:30
1613433600,1019.88,1039.7,1017.5,1029.75,19772186,2021-02-16 05:30:00+05:30
1613520000,1030.0,1047.97,1025.3,1041.63,21914776,2021-02-17 05:30:00+05:30
1613606400,1042.5,1054.2,1029.55,1033.85,17211062,2021-02-18 05:30:00+05:30
1613692800,1028.5,1052.47,1026.65,1040.15,21601408,2021-02-19 05:30:00+05:30
1613952000,1040.0,1044.95,997.48,1004.05,21971394,2021-02-22 05:30:00+05:30
1614038400,1024.0,1026.45,1006.8,1011.73,23669504,2021-02-23 05:30:00+05:30
1614124800,1015.0,1032.63,1013.08,1030.5,9975470,2021-02-24 05:30:00+05:30
1614211200,1038.0,1076.0,1036.5,1072.18,32171794,2021-02-25 05:30:00+05:30
1614297600,1058.5,1066.95,1035.35,1042.9,34595150,2021-02-26 05:30:00+05:30
1614556800,1055.1,1056.0,1031.25,1050.85,16319340,2021-03-01 05:30:00+05:30
1614643200,1061.0,1065.0,1044.55,1053.0,15830146,2021-03-02 05:30:00+05:30
1614729600,1060.53,1109.95,1053.6,1101.05,29466268,2021-03-03 05:30:00+05:30
1614816000,1090.0,1094.97,1078.85,1087.93,19785194,2021-03-04 05:30:00+05:30
1614902400,1078.0,1105.97,1076.53,1089.35,23547260,2021-03-05 05:30:00+05:30
1615161600,1084.25,1115.95,1084.0,1095.55,18004808,2021-03-08 05:30:00+05:30
1615248000,1100.0,1106.9,1073.3,1095.53,13987584,2021-03-09 05:30:00+05:30
1615334400,1103.5,1107.55,1085.13,1090.97,10632364,2021-03-10 05:30:00+05:30
1615507200,1097.5,1103.2,1061.95,1068.8,15566346,2021-03-12 05:30:00+05:30
1615766400,1070.03,1074.45,1040.25,1054.45,15412604,2021-03-15 05:30:00+05:30
1615852800,1057.0,1063.0,1047.75,1050.3,12805514,2021-03-16 05:30:00+05:30
1615939200,1049.03,1051.5,1017.55,1027.68,17731042,2021-03-17 05:30:00+05:30
1616025600,1036.45,1042.4,1000.5,1004.55,19057618,2021-03-18 05:30:00+05:30
1616112000,995.5,1047.93,991.4,1041.0,38569784,2021-03-19 05:30:00+05:30
1616371200,1035.5,1037.0,1016.6,1031.2,17142392,2021-03-22 05:30:00+05:30
1616457600,1030.97,1054.85,1028.0,1043.75,16079730,2021-03-23 05:30:00+05:30
1616544000,1039.88,1039.88,1020.2,1023.65,15527452,2021-03-24 05:30:00+05:30
1616630400,1027.0,1027.0,992.5,995.73,20307514,2021-03-25 05:30:00+05:30
1616716800,1006.0,1006.85,986.85,997.33,18626320,2021-03-26 05:30:00+05:30
1617062400,1004.0,1024.45,995.78,1014.65,18867700,2021-03-30 05:30:00+05:30
1617148800,1009.0,1024.95,999.5,1001.55,14999480,2021-03-31 05:30:00+05:30
1617235200,1009.0,1015.0,1001.58,1010.93,10820614,2021-04-01 05:30:00+05:30
1617580800,1012.48,1012.5,981.05,996.3,13729712,2021-04-05 05:30:00+05:30
1617667200,1002.0,1002.48,984.5,992.15,12930482,2021-04-06 05:30:00+05:30
1617753600,1000.0,1023.45,996.65,1001.43,22397836,2021-04-07 05:30:00+05:30
1617840000,1005.5,1011.0,996.5,1002.68,14185756,2021-04-08 05:30:00+05:30
1617926400,999.23,1003.18,990.0,991.03,12956964,2021-04-09 05:30:00+05:30
1618185600,979.5,980.7,950.13,955.58,19292062,2021-04-12 05:30:00+05:30
1618272000,962.0,970.3,958.93,965.9,17916522,2021-04-13 05:30:00+05:30
1618444800,963.15,980.5,956.5,972.15,18204984,2021-04-15 05:30:00+05:30
1618531200,968.3,974.95,963.23,966.05,14451358,2021-04-16 05:30:00+05:30
1618790400,952.0,958.2,945.0,950.85,17055934,2021-04-19 05:30:00+05:30
1618876800,955.25,959.5,945.23,950.58,15878980,2021-04-20 05:30:00+05:30
1619049600,946.13,957.23,938.35,953.2,13375146,2021-04-22 05:30:00+05:30
1619136000,953.0,959.45,947.68,952.18,10918032,2021-04-23 05:30:00+05:30
1619395200,960.0,981.0,955.75,968.93,19241570,2021-04-26 05:30:00+05:30
1619481600,970.0,998.6,969.13,994.33,18453094,2021-04-27 05:30:00+05:30
1619568000,998.93,1004.0,990.08,998.65,15804004,2021-04-28 05:30:00+05:30
1619654400,1011.45,1022.25,1003.65,1012.03,16071830,2021-04-29 05:30:00+05:30
1619740800,1004.25,1018.0,993.78,997.25,18301948,2021-04-30 05:30:00+05:30
1620000000,983.0,989.5,971.55,979.53,21819884,2021-05-03 05:30:00+05:30
1620086400,975.0,983.9,955.5,958.3,20167386,2021-05-04 05:30:00+05:30
1620172800,961.68,969.25,954.03,960.05,11439298,2021-05-05 05:30:00+05:30
1620259200,960.93,967.5,953.3,965.5,13498562,2021-05-06 05:30:00+05:30
1620345600,968.88,977.83,963.0,965.88,11342326,2021-05-07 05:30:00+05:30
1620604800,969.5,973.4,960.48,963.1,12867758,2021-05-10 05:30:00+05:30
1620691200,957.5,969.28,955.0,966.58,12440434,2021-05-11 05:30:00+05:30
1620777600,965.05,966.45,953.5,956.58,12163254,2021-05-12 05:30:00+05:30
1620950400,964.03,971.0,953.0,968.65,12268158,2021-05-14 05:30:00+05:30
1621209600,968.65,981.73,965.2,980.18,10958848,2021-05-17 05:30:00+05:30
1621296000,990.5,1001.3,986.25,993.98,11135916,2021-05-18 05:30:00+05:30
1621382400,990.0,1008.23,986.0,998.53,15060588,2021-05-19 05:30:00+05:30
1621468800,998.95,1005.45,990.5,992.7,10542994,2021-05-20 05:30:00+05:30
1621555200,996.0,1004.8,993.0,1001.28,9955110,2021-05-21 05:30:00+05:30
1621814400,1004.0,1004.9,991.0,992.83,7893272,2021-05-24 05:30:00+05:30
1621900800,998.2,998.5,980.0,981.58,13642030,2021-05-25 05:30:00+05:30
1621987200,987.5,989.75,982.65,985.03,6904226,2021-05-26 05:30:00+05:30
1622073600,985.15,996.5,981.13,988.05,24754200,2021-05-27 05:30:00+05:30
1622160000,995.0,1052.5,995.0,1047.4,52121728,2021-05-28 05:30:00+05:30
1622419200,1051.0,1095.85,1042.53,1080.15,54571564,2021-05-31 05:30:00+05:30
1622505600,1083.0,1101.0,1073.25,1084.45,25856758,2021-06-01 05:30:00+05:30
1622592000,1078.5,1104.75,1078.5,1100.63,22733632,2021-06-02 05:30:00+05:30
1622678400,1110.5,1125.0,1098.05,1104.83,22128232,2021-06-03 05:30:00+05:30
1622764800,1107.4,1108.22,1092.13,1095.25,13354556,2021-06-04 05:30:00+05:30
1623024000,1101.0,1121.0,1092.5,1113.7,15078652,2021-06-07 05:30:00+05:30
1623110400,1113.3,1113.58,1099.08,1107.3,8929778,2021-06-08 05:30:00+05:30
1623196800,1109.5,1110.5,1078.97,1087.5,10530652,2021-06-09 05:30:00+05:30
1623283200,1096.7,1115.0,1088.78,1091.5,13065664,2021-06-10 05:30:00+05:30
1623369600,1091.45,1114.0,1090.05,1106.58,12703040,2021-06-11 05:30:00+05:30
1623628800,1107.5,1129.13,1097.53,1122.45,18766832,2021-06-14 05:30:00+05:30
1623715200,1130.5,1137.45,1120.15,1125.0,14005796,2021-06-15 05:30:00+05:30
1623801600,1122.45,1123.53,1102.93,1105.8,9965950,2021-06-16 05:30:00+05:30
1623888000,1100.0,1117.5,1089.95,1107.83,14533530,2021-06-17 05:30:00+05:30
1623974400,1112.75,1117.5,1092.18,1112.83,27107602,2021-06-18 05:30:00+05:30
1624233600,1101.75,1123.75,1100.08,1118.63,11248088,2021-06-21 05:30:00+05:30
1624320000,1127.0,1130.5,1109.68,1112.88,11880772,2021-06-22 05:30:00+05:30
1624406400,1125.0,1125.3,1100.85,1102.68,15371592,2021-06-23 05:30:00+05:30
1624492800,1103.43,1107.3,1070.0,1076.75,84419374,2021-06-24 05:30:00+05:30
1624579200,1076.75,1076.75,1040.55,1052.22,51092668,2021-06-25 05:30:00+05:30
1624838400,1061.0,1063.25,1040.5,1043.0,18715704,2021-06-28 05:30:00+05:30
1624924800,1044.75,1054.5,1042.05,1043.9,25053962,2021-06-29 05:30:00+05:30
1625011200,1048.13,1061.33,1045.53,1055.33,18241112,2021-06-30 05:30:00+05:30
1625097600,1059.0,1061.58,1047.5,1048.97,11569254,2021-07-01 05:30:00+05:30
1625184000,1048.5,1066.45,1046.47,1064.53,13001946,2021-07-02 05:30:00+05:30
1625443200,1068.22,1076.78,1065.75,1075.1,10801208,2021-07-05 05:30:00+05:30
1625529600,1072.47,1074.45,1060.1,1062.4,9294722,2021-07-06 05:30:00+05:30
1625616000,1063.88,1063.88,1049.0,1055.03,9649862,2021-07-07 05:30:00+05:30
1625702400,1058.47,1058.47,1040.5,1046.3,10324176,2021-07-08 05:30:00+05:30
1625788800,1044.0,1045.85,1033.05,1035.6,8341772,2021-07-09 05:30:00+05:30
1626048000,1039.88,1050.75,1037.25,1042.05,7924222,2021-07-12 05:30:00+05:30
1626134400,1050.0,1051.53,1044.03,1049.85,6199912,2021-07-13 05:30:00+05:30
1626220800,1050.18,1053.43,1040.63,1043.0,7875536,2021-07-14 05:30:00+05:30
1626307200,1047.5,1047.5,1039.25,1041.18,8720830,2021-07-15 05:30:00+05:30
1626393600,1043.88,1057.38,1043.8,1056.2,8148412,2021-07-16 05:30:00+05:30
1626652800,1050.0,1062.0,1046.13,1049.47,7711154,2021-07-19 05:30:00+05:30
1626739200,1049.75,1054.0,1042.0,1046.9,6222370,2021-07-20 05:30:00+05:30
1626912000,1059.5,1061.95,1049.08,1060.35,7358520,2021-07-22 05:30:00+05:30
1626998400,1067.22,1067.22,1051.03,1052.85,9171876,2021-07-23 05:30:00+05:30
1627257600,1054.0,1060.5,1035.55,1038.43,11435660,2021-07-26 05:30:00+05:30
1627344000,1038.4,1041.85,1021.0,1027.5,9991032,2021-07-27 05:30:00+05:30
1627430400,1029.0,1029.0,1008.13,1018.68,11904710,2021-07-28 05:30:00+05:30
1627516800,1027.0,1037.2,1021.7,1026.63,12705772,2021-07-29 05:30:00+05:30
1627603200,1029.0,1033.97,1015.55,1017.65,10476608,2021-07-30 05:30:00+05:30
1627862400,1027.15,1039.7,1020.58,1036.25,10083868,2021-08-02 05:30:00+05:30
1627948800,1045.0,1045.5,1032.1,1043.88,10907364,2021-08-03 05:30:00+05:30
1628035200,1047.2,1057.0,1043.5,1051.88,12155722,2021-08-04 05:30:00+05:30
1628121600,1057.15,1077.4,1052.13,1067.13,19615662,2021-08-05 05:30:00+05:30
1628208000,1064.97,1073.47,1039.38,1044.53,15341166,2021-08-06 05:30:00+05:30
1628467200,1040.5,1044.9,1033.25,1038.58,6917092,2021-08-09 05:30:00+05:30
1628553600,1041.0,1056.5,1036.88,1044.03,11001416,2021-08-10 05:30:00+05:30
1628640000,1048.47,1060.0,1041.7,1058.65,8477718,2021-08-11 05:30:00+05:30
1628726400,1062.45,1063.1,1052.5,1055.25,7511014,2021-08-12 05:30:00+05:30
1628812800,1058.65,1074.95,1054.47,1072.83,11796768,2021-08-13 05:30:00+05:30
1629072000,1074.68,1101.5,1064.08,1086.75,20246408,2021-08-16 05:30:00+05:30
1629158400,1084.43,1092.6,1073.93,1082.13,11683486,2021-08-17 05:30:00+05:30
1629244800,1087.0,1093.4,1076.3,1086.33,9300016,2021-08-18 05:30:00+05:30
1629417600,1071.5,1086.0,1068.5,1074.13,8700456,2021-08-20 05:30:00+05:30
1629676800,1087.0,1087.0,1066.15,1081.18,9095604,2021-08-23 05:30:00+05:30
1629763200,1082.53,1096.0,1077.8,1091.85,10950904,2021-08-24 05:30:00+05:30
1629849600,1092.7,1110.0,1090.05,1101.3,12350252,2021-08-25 05:30:00+05:30
1629936000,1104.0,1122.45,1102.5,1115.22,17158210,2021-08-26 05:30:00+05:30
1630022400,1118.5,1121.38,1108.03,1113.7,9673624,2021-08-27 05:30:00+05:30
1630281600,1125.0,1137.93,1118.4,1135.13,12946974,2021-08-30 05:30:00+05:30
1630368000,1138.45,1141.88,1121.13,1129.08,24446074,2021-08-31 05:30:00+05:30
1630454400,1136.5,1146.45,1131.5,1133.55,10287280,2021-09-01 05:30:00+05:30
1630540800,1127.5,1153.9,1127.5,1147.2,9190096,2021-09-02 05:30:00+05:30
1630627200,1155.0,1197.5,1151.25,1194.25,28303258,2021-09-03 05:30:00+05:30
1630886400,1206.5,1240.0,1206.0,1212.8,31051288,2021-09-06 05:30:00+05:30
1630972800,1215.0,1229.0,1206.0,1220.45,16013936,2021-09-07 05:30:00+05:30
1631059200,1226.0,1227.0,1203.33,1215.68,13200420,2021-09-08 05:30:00+05:30
1631145600,1213.95,1218.93,1208.05,1212.8,8273076,2021-09-09 05:30:00+05:30
1631491200,1216.5,1216.5,1184.03,1185.78,15055196,2021-09-13 05:30:00+05:30
1631577600,1187.5,1197.0,1183.0,1184.22,8222410,2021-09-14 05:30:00+05:30
1631664000,1184.25,1197.88,1184.25,1189.15,8372600,2021-09-15 05:30:00+05:30
1631750400,1190.78,1218.38,1183.5,1214.1,12413314,2021-09-16 05:30:00+05:30
1631836800,1223.0,1227.93,1187.8,1195.28,32196198,2021-09-17 05:30:00+05:30
1632096000,1186.05,1209.18,1185.0,1197.18,10872770,2021-09-20 05:30:00+05:30
1632182400,1202.5,1208.3,1192.0,1202.35,9152222,2021-09-21 05:30:00+05:30
1632268800,1204.0,1221.0,1199.13,1215.25,10149224,2021-09-22 05:30:00+05:30
1632355200,1223.7,1248.5,1222.75,1244.95,14535766,2021-09-23 05:30:00+05:30
1632441600,1251.78,1252.72,1236.0,1241.35,14022362,2021-09-24 05:30:00+05:30
1632700800,1243.5,1264.95,1237.65,1262.22,14190044,2021-09-27 05:30:00+05:30
1632787200,1267.0,1282.45,1256.4,1274.03,16646538,2021-09-28 05:30:00+05:30
1632873600,1285.0,1285.0,1260.03,1263.93,8971442,2021-09-29 05:30:00+05:30
1632960000,1262.5,1267.3,1250.18,1259.63,12544170,2021-09-30 05:30:00+05:30
1633046400,1250.97,1269.9,1247.5,1261.85,8269088,2021-10-01 05:30:00+05:30
1633305600,1276.5,1287.43,1268.53,1278.08,10077820,2021-10-04 05:30:00+05:30
1633392000,1277.55,1306.0,1273.68,1304.6,12491540,2021-10-05 05:30:00+05:30
1633478400,1309.97,1309.97,1275.55,1279.93,9468944,2021-10-06 05:30:00+05:30
1633564800,1297.5,1299.38,1283.85,1286.2,5848740,2021-10-07 05:30:00+05:30
1633651200,1292.63,1342.2,1290.75,1335.63,14558006,2021-10-08 05:30:00+05:30
1633910400,1350.7,1360.0,1322.68,1326.33,13631474,2021-10-11 05:30:00+05:30
1633996800,1322.5,1341.5,1320.63,1333.9,6167494,2021-10-12 05:30:00+05:30
1634083200,1339.5,1359.75,1334.65,1347.48,9192858,2021-10-13 05:30:00+05:30
1634169600,1350.18,1358.73,1343.6,1350.2,7959460,2021-10-14 05:30:00+05:30
1634515200,1334.3,1372.5,1331.15,1353.8,12547700,2021-10-18 05:30:00+05:30
1634601600,1361.9,1375.68,1354.0,1365.93,8153234,2021-10-19 05:30:00+05:30
1634688000,1371.38,1371.38,1345.75,1350.2,11731852,2021-10-20 05:30:00+05:30
1634774400,1363.7,1364.0,1301.6,1311.25,19227624,2021-10-21 05:30:00+05:30
1634860800,1310.0,1332.45,1305.75,1313.7,10178356,2021-10-22 05:30:00+05:30
1635120000,1340.0,1340.0,1285.0,1300.9,15874134,2021-10-25 05:30:00+05:30
1635206400,1308.55,1334.45,1301.58,1330.53,8999412,2021-10-26 05:30:00+05:30
1635292800,1326.0,1338.4,1309.97,1313.7,9134280,2021-10-27 05:30:00+05:30
1635379200,1310.0,1318.98,1295.25,1299.3,9124942,2021-10-28 05:30:00+05:30
1635465600,1298.08,1298.08,1250.85,1268.13,13137078,2021-10-29 05:30:00+05:30
1635724800,1268.13,1278.0,1247.05,1268.9,14289064,2021-11-01 05:30:00+05:30
1635811200,1272.5,1274.0,1247.63,1250.4,9755304,2021-11-02 05:30:00+05:30
1635897600,1253.03,1260.0,1230.5,1241.8,11066240,2021-11-03 05:30:00+05:30
1635984000,1246.47,1252.45,1245.0,1249.43,1574320,2021-11-04 05:30:00+05:30
1636329600,1259.7,1260.0,1228.2,1250.97,18771214,2021-11-08 05:30:00+05:30
1636416000,1252.5,1264.45,1243.53,1260.85,14474940,2021-11-09 05:30:00+05:30
1636502400,1258.35,1279.0,1251.83,1274.95,9463950,2021-11-10 05:30:00+05:30
1636588800,1270.03,1285.25,1267.78,1277.28,9896844,2021-11-11 05:30:00+05:30
1636675200,1281.45,1299.38,1278.5,1296.55,8041488,2021-11-12 05:30:00+05:30
1636934400,1300.0,1301.1,1285.0,1288.9,4433416,2021-11-15 05:30:00+05:30
1637020800,1286.03,1287.5,1247.5,1258.95,10464584,2021-11-16 05:30:00+05:30
1637107200,1249.47,1249.47,1230.5,1232.0,9416470,2021-11-17 05:30:00+05:30
1637193600,1230.0,1244.5,1225.03,1236.65,7850690,2021-11-18 05:30:00+05:30
1637539200,1218.05,1224.5,1175.5,1181.88,22266728,2021-11-22 05:30:00+05:30
1637625600,1166.53,1200.63,1154.5,1192.93,23376812,2021-11-23 05:30:00+05:30
1637712000,1190.0,1204.95,1171.78,1175.7,15525128,2021-11-24 05:30:00+05:30
1637798400,1186.5,1251.0,1178.58,1246.47,39136974,2021-11-25 05:30:00+05:30
1637884800,1233.9,1238.8,1200.75,1206.3,14549372,2021-11-26 05:30:00+05:30
1638144000,1219.55,1250.0,1199.55,1220.75,22452294,2021-11-29 05:30:00+05:30
1638230400,1234.0,1237.95,1194.43,1202.7,29695022,2021-11-30 05:30:00+05:30
1638316800,1216.5,1237.0,1212.55,1233.5,9326552,2021-12-01 05:30:00+05:30
1638403200,1234.85,1248.1,1230.8,1241.43,11740936,2021-12-02 05:30:00+05:30
1638489600,1249.2,1249.25,1200.0,1204.13,17742344,2021-12-03 05:30:00+05:30
1638748800,1208.0,1212.5,1178.58,1181.3,9536668,2021-12-06 05:30:00+05:30
1638835200,1188.08,1202.0,1180.0,1190.93,10370014,2021-12-07 05:30:00+05:30
1638921600,1212.05,1215.9,1203.15,1209.05,8070874,2021-12-08 05:30:00+05:30
1639008000,1217.5,1237.45,1212.5,1228.22,12196100,2021-12-09 05:30:00+05:30
1639094400,1220.13,1233.0,1215.18,1229.47,7720352,2021-12-10 05:30:00+05:30
1639353600,1236.75,1237.05,1202.0,1204.83,11908296,2021-12-13 05:30:00+05:30
1639440000,1190.0,1203.0,1186.7,1190.08,11991172,2021-12-14 05:30:00+05:30
1639526400,1192.0,1202.5,1180.55,1186.6,8645710,2021-12-15 05:30:00+05:30
1639612800,1202.85,1207.75,1184.33,1201.95,9009658,2021-12-16 05:30:00+05:30
1639699200,1199.03,1204.0,1160.0,1170.22,19428978,2021-12-17 05:30:00+05:30
1639958400,1158.93,1158.93,1123.55,1138.68,13222752,2021-12-20 05:30:00+05:30
1640044800,1155.68,1173.0,1146.1,1155.63,11848142,2021-12-21 05:30:00+05:30
1640131200,1162.45,1185.95,1161.0,1183.05,16298830,2021-12-22 05:30:00+05:30
1640217600,1187.0,1190.0,1179.03,1182.63,8373824,2021-12-23 05:30:00+05:30
1640304000,1185.0,1196.0,1168.78,1186.4,7279232,2021-12-24 05:30:00+05:30
1640563200,1180.78,1189.0,1174.05,1185.13,3707896,2021-12-27 05:30:00+05:30
1640649600,1187.8,1202.43,1186.53,1199.2,5883766,2021-12-28 05:30:00+05:30
1640736000,1195.5,1209.5,1191.05,1201.25,14237558,2021-12-29 05:30:00+05:30
1640822400,1200.0,1202.47,1172.8,1179.55,27074508,2021-12-30 05:30:00+05:30
1640908800,1186.5,1191.95,1180.0,1184.08,8747536,2021-12-31 05:30:00+05:30
1641168000,1182.5,1203.97,1181.78,1201.93,5004146,2022-01-03 05:30:00+05:30
1641254400,1207.95,1230.5,1202.0,1229.05,10012450,2022-01-04 05:30:00+05:30
1641340800,1231.0,1238.5,1216.47,1234.8,10747236,2022-01-05 05:30:00+05:30
1641427200,1225.6,1227.0,1204.5,1208.25,13334966,2022-01-06 05:30:00+05:30
1641513600,1215.47,1229.03,1205.78,1218.0,12102478,2022-01-07 05:30:00+05:30
1641772800,1226.0,1228.5,1208.03,1219.0,8534730,2022-01-10 05:30:00+05:30
1641859200,1218.0,1237.47,1217.5,1227.78,14957362,2022-01-11 05:30:00+05:30
1641945600,1235.65,1262.47,1232.5,1260.55,13660804,2022-01-12 05:30:00+05:30
1642032000,1260.63,1270.5,1254.2,1267.65,10943742,2022-01-13 05:30:00+05:30
1642118400,1267.5,1283.65,1262.93,1269.5,18395546,2022-01-14 05:30:00+05:30
1642377600,1269.0,1282.5,1268.5,1276.13,7417644,2022-01-17 05:30:00+05:30
1642464000,1277.38,1281.18,1257.88,1260.9,5736470,2022-01-18 05:30:00+05:30
1642550400,1265.0,1271.0,1254.5,1260.8,9004310,2022-01-19 05:30:00+05:30
1642636800,1250.03,1254.97,1227.5,1238.72,15224406,2022-01-20 05:30:00+05:30
1642723200,1226.0,1251.13,1226.0,1238.93,12311518,2022-01-21 05:30:00+05:30
1642982400,1237.5,1252.38,1177.55,1188.95,20185022,2022-01-24 05:30:00+05:30
1643068800,1174.78,1194.33,1152.5,1186.63,22622912,2022-01-25 05:30:00+05:30
1643241600,1168.0,1178.05,1155.53,1169.05,18478852,2022-01-27 05:30:00+05:30
1643328000,1182.5,1187.95,1164.2,1167.93,13538308,2022-01-28 05:30:00+05:30
1643587200,1180.1,1203.2,1178.1,1193.3,11208616,2022-01-31 05:30:00+05:30
1643673600,1204.0,1210.3,1173.55,1189.35,12184066,2022-02-01 05:30:00+05:30
1643760000,1203.5,1203.5,1187.55,1191.78,9246326,2022-02-02 05:30:00+05:30
1643846400,1196.0,1200.72,1173.6,1176.38,8835728,2022-02-03 05:30:00+05:30
1643932800,1170.5,1174.22,1160.55,1165.65,10209522,2022-02-04 05:30:00+05:30
1644192000,1171.0,1178.4,1152.5,1158.55,9889450,2022-02-07 05:30:00+05:30
1644278400,1165.33,1180.0,1155.0,1178.03,11132160,2022-02-08 05:30:00+05:30
1644364800,1185.58,1193.6,1179.0,1191.75,10601782,2022-02-09 05:30:00+05:30
1644451200,1197.85,1197.85,1182.55,1190.53,11504722,2022-02-10 05:30:00+05:30
1644537600,1186.63,1192.25,1172.05,1188.2,14715726,2022-02-11 05:30:00+05:30
1644796800,1170.13,1177.47,1156.5,1169.28,9894218,2022-02-14 05:30:00+05:30
1644883200,1175.6,1211.95,1167.85,1208.97,10349292,2022-02-15 05:30:00+05:30
1644969600,1215.0,1216.5,1197.97,1206.47,9592588,2022-02-16 05:30:00+05:30
1645056000,1210.05,1227.45,1205.0,1221.75,11863548,2022-02-17 05:30:00+05:30
1645142400,1222.2,1228.2,1210.08,1212.2,6253746,2022-02-18 05:30:00+05:30
1645401600,1206.0,1218.75,1192.3,1199.95,10251936,2022-02-21 05:30:00+05:30
1645488000,1176.45,1197.95,1173.58,1194.5,12455802,2022-02-22 05:30:00+05:30
1645574400,1200.55,1203.28,1184.0,1187.03,6747230,2022-02-23 05:30:00+05:30
1645660800,1152.5,1169.95,1121.7,1127.88,22933450,2022-02-24 05:30:00+05:30
1645747200,1140.05,1153.97,1138.13,1141.97,13448188,2022-02-25 05:30:00+05:30
1646006400,1121.5,1183.68,1121.5,1179.78,19657536,2022-02-28 05:30:00+05:30
1646179200,1167.22,1200.5,1164.6,1199.28,19818452,2022-03-02 05:30:00+05:30
1646265600,1200.0,1207.43,1185.03,1189.15,9402366,2022-03-03 05:30:00+05:30
1646352000,1176.5,1182.15,1160.18,1162.78,9973628,2022-03-04 05:30:00+05:30
1646611200,1139.35,1156.05,1111.0,1119.78,16598590,2022-03-07 05:30:00+05:30
1646697600,1105.75,1123.0,1090.0,1117.75,19650086,2022-03-08 05:30:00+05:30
1646784000,1118.0,1183.5,1117.08,1177.05,18842326,2022-03-09 05:30:00+05:30
1646870400,1200.0,1202.5,1180.0,1196.13,16595990,2022-03-10 05:30:00+05:30
1646956800,1188.03,1205.5,1188.03,1199.58,11313598,2022-03-11 05:30:00+05:30
1647216000,1193.45,1212.2,1187.0,1209.43,7698444,2022-03-14 05:30:00+05:30
1647302400,1213.97,1213.97,1170.43,1181.72,14699480,2022-03-15 05:30:00+05:30
1647388800,1191.0,1203.95,1188.55,1201.68,10291288,2022-03-16 05:30:00+05:30
1647475200,1216.38,1248.7,1207.55,1240.85,19772590,2022-03-17 05:30:00+05:30
1647820800,1222.0,1242.0,1219.5,1233.7,11075504,2022-03-21 05:30:00+05:30
1647907200,1230.05,1267.47,1226.8,1265.58,20820164,2022-03-22 05:30:00+05:30
1647993600,1261.5,1282.43,1261.5,1269.6,14271594,2022-03-23 05:30:00+05:30
1648080000,1255.0,1292.08,1255.0,1289.33,12154306,2022-03-24 05:30:00+05:30
1648166400,1291.25,1308.0,1288.5,1297.93,13127352,2022-03-25 05:30:00+05:30
1648425600,1305.0,1314.88,1293.25,1310.98,9129782,2022-03-28 05:30:00+05:30
1648512000,1319.0,1319.0,1303.7,1311.28,8015390,2022-03-29 05:30:00+05:30
1648598400,1319.95,1344.0,1308.55,1336.48,14594056,2022-03-30 05:30:00+05:30
1648684800,1332.48,1334.85,1314.3,1317.38,12205488,2022-03-31 05:30:00+05:30
1648771200,1318.0,1332.58,1311.0,1327.93,7312816,2022-04-01 05:30:00+05:30
1649030400,1327.73,1337.5,1320.83,1331.85,7318614,2022-04-04 05:30:00+05:30
1649116800,1325.55,1334.95,1310.35,1313.03,12137326,2022-04-05 05:30:00+05:30
1649203200,1293.55,1317.25,1293.55,1309.53,11313406,2022-04-06 05:30:00+05:30
1649289600,1297.55,1303.0,1283.5,1286.43,14303264,2022-04-07 05:30:00+05:30
1649376000,1280.0,1312.5,1280.0,1307.83,13985748,2022-04-08 05:30:00+05:30
1649635200,1300.0,1319.28,1291.5,1305.1,8541632,2022-04-11 05:30:00+05:30
1649721600,1293.5,1301.3,1277.7,1280.53,12199972,2022-04-12 05:30:00+05:30
1649808000,1287.25,1296.3,1272.75,1275.83,9556956,2022-04-13 05:30:00+05:30
1650240000,1266.5,1279.9,1260.9,1271.93,9206206,2022-04-18 05:30:00+05:30
1650326400,1279.0,1334.0,1275.53,1320.4,24128892,2022-04-19 05:30:00+05:30
1650412800,1328.55,1367.0,1324.55,1359.23,23141670,2022-04-20 05:30:00+05:30
1650499200,1375.45,1394.5,1366.0,1391.05,20037062,2022-04-21 05:30:00+05:30
1650585600,1379.45,1401.0,1372.1,1379.4,13894980,2022-04-22 05:30:00+05:30
1650844800,1371.2,1379.2,1331.83,1347.5,15749342,2022-04-25 05:30:00+05:30
1650931200,1355.0,1397.5,1353.85,1387.83,11286132,2022-04-26 05:30:00+05:30
1651017600,1377.93,1414.0,1377.53,1389.18,17849840,2022-04-27 05:30:00+05:30
1651104000,1404.98,1425.5,1393.05,1409.93,23641784,2022-04-28 05:30:00+05:30
1651190400,1428.08,1428.08,1388.65,1395.13,16812312,2022-04-29 05:30:00+05:30
1651449600,1381.0,1402.75,1379.03,1390.23,8738044,2022-05-02 05:30:00+05:30
1651622400,1392.5,1395.0,1338.15,1346.83,17765584,2022-05-04 05:30:00+05:30
1651708800,1361.75,1365.0,1316.0,1320.45,15885442,2022-05-05 05:30:00+05:30
1651795200,1306.1,1329.5,1296.78,1310.33,18136896,2022-05-06 05:30:00+05:30
1652054400,1287.47,1298.55,1253.5,1259.15,16691298,2022-05-09 05:30:00+05:30
1652140800,1247.5,1263.3,1229.0,1237.33,18009272,2022-05-10 05:30:00+05:30
1652227200,1236.33,1242.47,1210.97,1224.65,15362314,2022-05-11 05:30:00+05:30
1652313600,1213.75,1217.43,1185.0,1199.7,18912560,2022-05-12 05:30:00+05:30
1652400000,1213.0,1239.0,1207.68,1213.3,17821996,2022-05-13 05:30:00+05:30
1652659200,1217.22,1240.5,1208.33,1213.6,12403188,2022-05-16 05:30:00+05:30
1652745600,1217.55,1269.95,1216.0,1264.58,15277332,2022-05-17 05:30:00+05:30
1652832000,1269.83,1285.0,1254.13,1269.18,15946470,2022-05-18 05:30:00+05:30
1652918400,1242.0,1256.25,1233.03,1239.93,13567282,2022-05-19 05:30:00+05:30
1653004800,1256.25,1322.2,1251.0,1312.23,20115016,2022-05-20 05:30:00+05:30
1653264000,1315.75,1326.78,1296.5,1303.45,14078288,2022-05-23 05:30:00+05:30
1653350400,1303.5,1319.0,1298.85,1307.93,12486172,2022-05-24 05:30:00+05:30
1653436800,1317.5,1328.35,1300.75,1306.0,11735520,2022-05-25 05:30:00+05:30
1653523200,1312.2,1317.45,1274.0,1293.55,16505102,2022-05-26 05:30:00+05:30
1653609600,1296.53,1302.58,1270.05,1287.55,15249776,2022-05-27 05:30:00+05:30
1653868800,1307.5,1337.0,1297.1,1332.4,12786682,2022-05-30 05:30:00+05:30
1653955200,1320.7,1339.4,1307.85,1316.33,65182840,2022-05-31 05:30:00+05:30
1654041600,1317.15,1327.6,1308.1,1316.75,9024158,2022-06-01 05:30:00+05:30
1654128000,1317.0,1366.23,1317.0,1362.15,20422816,2022-06-02 05:30:00+05:30
1654214400,1372.0,1408.68,1371.0,1389.75,22096420,2022-06-03 05:30:00+05:30
1654473600,1390.0,1407.0,1375.9,1383.78,10238976,2022-06-06 05:30:00+05:30
1654560000,1384.95,1395.55,1376.03,1386.38,11406666,2022-06-07 05:30:00+05:30
1654646400,1386.38,1390.5,1358.15,1362.03,11518344,2022-06-08 05:30:00+05:30
1654732800,1355.0,1401.5,1355.0,1399.38,15947870,2022-06-09 05:30:00+05:30
1654819200,1385.95,1394.95,1350.75,1357.13,16699886,2022-06-10 05:30:00+05:30
1655078400,1325.0,1336.4,1308.15,1331.45,16263996,2022-06-13 05:30:00+05:30
1655164800,1325.03,1335.93,1306.72,1314.05,13581306,2022-06-14 05:30:00+05:30
1655251200,1308.78,1318.65,1292.2,1298.15,10333476,2022-06-15 05:30:00+05:30
1655337600,1311.5,1329.53,1277.0,1280.0,15793886,2022-06-16 05:30:00+05:30
1655424000,1280.0,1312.43,1278.05,1295.0,22573976,2022-06-17 05:30:00+05:30
1655683200,1302.5,1308.55,1260.55,1271.53,11137650,2022-06-20 05:30:00+05:30
1655769600,1280.0,1296.7,1264.15,1292.05,10817602,2022-06-21 05:30:00+05:30
1655856000,1279.05,1279.15,1250.5,1252.8,9799678,2022-06-22 05:30:00+05:30
1655942400,1257.53,1262.5,1222.5,1232.47,17948950,2022-06-23 05:30:00+05:30
1656028800,1240.0,1255.5,1234.0,1250.03,13143732,2022-06-24 05:30:00+05:30
1656288000,1272.47,1272.47,1240.78,1246.33,14282986,2022-06-27 05:30:00+05:30
1656374400,1241.05,1266.97,1241.05,1263.85,12527734,2022-06-28 05:30:00+05:30
1656460800,1253.6,1298.5,1250.5,1290.08,17726344,2022-06-29 05:30:00+05:30
1656547200,1290.0,1307.95,1283.0,1297.83,21333254,2022-06-30 05:30:00+05:30
1656633600,1287.45,1296.0,1182.5,1204.35,75683342,2022-07-01 05:30:00+05:30
1656892800,1189.47,1221.0,1183.05,1206.85,38634670,2022-07-04 05:30:00+05:30
1656979200,1211.5,1232.45,1208.55,1216.63,16288478,2022-07-05 05:30:00+05:30
1657065600,1210.05,1220.97,1194.0,1205.93,22100052,2022-07-06 05:30:00+05:30
1657152000,1212.95,1216.63,1187.5,1194.05,21506846,2022-07-07 05:30:00+05:30
1657238400,1209.0,1209.0,1191.28,1195.7,17546324,2022-07-08 05:30:00+05:30
1657497600,1188.25,1214.4,1185.0,1211.95,12781208,2022-07-11 05:30:00+05:30
1657584000,1202.0,1219.85,1202.0,1210.22,9949004,2022-07-12 05:30:00+05:30
1657670400,1213.65,1217.0,1186.5,1188.78,13128870,2022-07-13 05:30:00+05:30
1657756800,1194.0,1216.97,1188.47,1198.58,15663596,2022-07-14 05:30:00+05:30
1657843200,1207.5,1207.5,1191.55,1200.9,8863760,2022-07-15 05:30:00+05:30
1658102400,1210.5,1212.5,1196.15,1211.13,13993514,2022-07-18 05:30:00+05:30
1658188800,1200.15,1223.5,1200.15,1218.55,15174012,2022-07-19 05:30:00+05:30
1658275200,1270.0,1271.25,1243.13,1251.5,22082072,2022-07-20 05:30:00+05:30
1658361600,1247.0,1250.0,1233.65,1243.15,15250936,2022-07-21 05:30:00+05:30
1658448000,1250.0,1258.15,1247.5,1251.55,10125302,2022-07-22 05:30:00+05:30
1658707200,1233.72,1233.72,1201.5,1210.2,21330940,2022-07-25 05:30:00+05:30
1658793600,1210.55,1221.95,1205.68,1210.75,10432932,2022-07-26 05:30:00+05:30
1658880000,1209.97,1213.5,1201.0,1209.6,7988642,2022-07-27 05:30:00+05:30
1658966400,1218.0,1233.97,1210.5,1228.55,11533872,2022-07-28 05:30:00+05:30
1659052800,1237.35,1258.55,1232.0,1254.72,13965616,2022-07-29 05:30:00+05:30
1659312000,1259.58,1293.88,1253.8,1287.43,14491136,2022-08-01 05:30:00+05:30
1659398400,1286.25,1303.9,1280.78,1292.33,12846230,2022-08-02 05:30:00+05:30
1659484800,1300.0,1305.0,1283.72,1303.18,13153648,2022-08-03 05:30:00+05:30
1659571200,1305.0,1308.88,1267.5,1285.95,13353154,2022-08-04 05:30:00+05:30
1659657600,1288.0,1289.4,1263.47,1267.0,12868866,2022-08-05 05:30:00+05:30
1659916800,1265.5,1291.78,1265.5,1283.58,9382456,2022-08-08 05:30:00+05:30
1660089600,1288.45,1294.95,1278.53,1291.25,9898884,2022-08-10 05:30:00+05:30
1660176000,1301.55,1304.95,1290.1,1295.55,7566960,2022-08-11 05:30:00+05:30
1660262400,1295.15,1320.68,1291.1,1316.5,11676488,2022-08-12 05:30:00+05:30
1660608000,1323.1,1328.65,1313.65,1325.65,6098608,2022-08-16 05:30:00+05:30
1660694400,1332.5,1338.45,1327.78,1332.58,6088074,2022-08-17 05:30:00+05:30
1660780800,1330.0,1334.5,1320.1,1330.65,6839460,2022-08-18 05:30:00+05:30
1660867200,1325.0,1330.85,1302.47,1306.93,8732246,2022-08-19 05:30:00+05:30
1661126400,1308.5,1315.65,1293.0,1303.3,8742358,2022-08-22 05:30:00+05:30
1661212800,1297.0,1326.6,1295.68,1323.4,8933238,2022-08-23 05:30:00+05:30
1661299200,1320.05,1335.0,1317.68,1319.88,9571158,2022-08-24 05:30:00+05:30
1661385600,1324.48,1331.45,1311.3,1316.03,7265804,2022-08-25 05:30:00+05:30
1661472000,1316.5,1325.0,1303.5,1309.0,9914898,2022-08-26 05:30:00+05:30
1661731200,1292.5,1327.5,1289.03,1298.83,18311368,2022-08-29 05:30:00+05:30
1661817600,1307.0,1322.63,1288.3,1318.98,21357340,2022-08-30 05:30:00+05:30
1661990400,1291.33,1302.47,1275.35,1280.2,18376868,2022-09-01 05:30:00+05:30
1662076800,1280.2,1287.68,1262.85,1265.25,11998392,2022-09-02 05:30:00+05:30
1662336000,1265.5,1290.75,1265.5,1284.9,10455570,2022-09-05 05:30:00+05:30
1662422400,1286.5,1303.0,1286.0,1298.43,10060344,2022-09-06 05:30:00+05:30
1662508800,1287.5,1297.45,1285.0,1290.88,6911884,2022-09-07 05:30:00+05:30
1662595200,1294.13,1299.0,1285.5,1292.7,6513680,2022-09-08 05:30:00+05:30
1662681600,1305.0,1305.0,1282.0,1284.65,7674604,2022-09-09 05:30:00+05:30
1662940800,1285.28,1306.0,1285.28,1299.03,6862890,2022-09-12 05:30:00+05:30
1663027200,1309.0,1314.85,1300.5,1309.88,8204228,2022-09-13 05:30:00+05:30
1663113600,1287.5,1305.0,1286.38,1294.18,8009994,2022-09-14 05:30:00+05:30
1663200000,1291.5,1301.78,1278.38,1281.35,9567446,2022-09-15 05:30:00+05:30
1663286400,1271.88,1276.5,1245.5,1249.6,18660938,2022-09-16 05:30:00+05:30
1663545600,1249.6,1261.35,1240.68,1251.22,6996572,2022-09-19 05:30:00+05:30
1663632000,1261.22,1268.85,1247.35,1251.43,7763764,2022-09-20 05:30:00+05:30
1663718400,1248.38,1266.5,1247.5,1254.88,8498344,2022-09-21 05:30:00+05:30
1663804800,1243.0,1251.5,1236.05,1243.05,9514438,2022-09-22 05:30:00+05:30
1663891200,1242.5,1247.97,1218.05,1219.75,8794388,2022-09-23 05:30:00+05:30
1664150400,1197.03,1208.9,1187.58,1188.68,11518596,2022-09-26 05:30:00+05:30
1664236800,1197.0,1213.0,1180.05,1198.13,14910896,2022-09-27 05:30:00+05:30
1664323200,1180.18,1189.0,1163.55,1166.22,15688280,2022-09-28 05:30:00+05:30
1664409600,1180.0,1183.75,1156.5,1162.65,13542092,2022-09-29 05:30:00+05:30
1664496000,1155.5,1201.0,1155.5,1188.88,17179816,2022-09-30 05:30:00+05:30
1664755200,1195.75,1208.47,1181.5,1184.75,10940060,2022-10-03 05:30:00+05:30
1664841600,1198.9,1209.0,1195.08,1206.6,8259786,2022-10-04 05:30:00+05:30
1665014400,1214.5,1225.0,1209.08,1211.05,12324042,2022-10-06 05:30:00+05:30
1665100800,1207.33,1221.95,1207.33,1216.18,7120334,2022-10-07 05:30:00+05:30
1665360000,1202.5,1208.8,1194.0,1202.9,5842152,2022-10-10 05:30:00+05:30
1665446400,1207.0,1207.0,1175.55,1178.95,8505606,2022-10-11 05:30:00+05:30
1665532800,1176.0,1190.85,1171.55,1187.63,6845984,2022-10-12 05:30:00+05:30
1665619200,1185.7,1197.0,1180.05,1191.4,6764196,2022-10-13 05:30:00+05:30
1665705600,1207.5,1208.18,1184.55,1185.35,8404918,2022-10-14 05:30:00+05:30
1665964800,1177.5,1207.0,1171.8,1204.38,15441190,2022-10-17 05:30:00+05:30
1666051200,1211.0,1231.5,1210.08,1225.63,11459798,2022-10-18 05:30:00+05:30
1666137600,1227.25,1263.93,1220.85,1246.95,17765106,2022-10-19 05:30:00+05:30
1666224000,1242.5,1259.5,1242.5,1250.3,8045838,2022-10-20 05:30:00+05:30
1666310400,1253.85,1258.4,1233.5,1235.8,7608704,2022-10-21 05:30:00+05:30
1666569600,1230.0,1251.25,1227.65,1239.93,3110540,2022-10-24 05:30:00+05:30
1666656000,1249.5,1249.5,1219.0,1220.78,11291278,2022-10-25 05:30:00+05:30
1666828800,1229.0,1234.22,1216.4,1225.58,11549550,2022-10-27 05:30:00+05:30
1666915200,1232.5,1267.5,1229.72,1263.08,16253648,2022-10-28 05:30:00+05:30
1667174400,1270.5,1280.47,1266.1,1274.8,11463604,2022-10-31 05:30:00+05:30
1667260800,1300.0,1300.0,1254.0,1264.93,12887998,2022-11-01 05:30:00+05:30
1667347200,1266.15,1275.1,1257.5,1272.83,8290288,2022-11-02 05:30:00+05:30
1667433600,1264.93,1279.78,1262.53,1277.58,6178052,2022-11-03 05:30:00+05:30
1667520000,1276.95,1300.0,1275.55,1296.38,11607474,2022-11-04 05:30:00+05:30
1667779200,1295.5,1305.15,1287.0,1303.3,10881934,2022-11-07 05:30:00+05:30
1667952000,1305.15,1310.98,1295.03,1302.0,10387628,2022-11-09 05:30:00+05:30
1668038400,1295.0,1298.28,1281.5,1286.25,5506840,2022-11-10 05:30:00+05:30
1668124800,1300.0,1318.0,1294.0,1315.9,11362248,2022-11-11 05:30:00+05:30
1668384000,1315.38,1321.0,1302.58,1309.53,8346790,2022-11-14 05:30:00+05:30
1668470400,1311.15,1313.2,1295.0,1303.65,6540776,2022-11-15 05:30:00+05:30
1668556800,1305.0,1307.97,1290.68,1296.18,8968014,2022-11-16 05:30:00+05:30
1668643200,1292.47,1306.5,1290.0,1299.53,6148518,2022-11-17 05:30:00+05:30
1668729600,1303.38,1304.5,1285.55,1298.83,4894850,2022-11-18 05:30:00+05:30
1668988800,1294.0,1294.0,1271.55,1275.45,5898216,2022-11-21 05:30:00+05:30
1669075200,1272.5,1284.25,1268.25,1282.53,6102402,2022-11-22 05:30:00+05:30
1669161600,1287.5,1288.95,1276.13,1278.53,5919574,2022-11-23 05:30:00+05:30
1669248000,1283.0,1297.0,1274.1,1289.55,8666450,2022-11-24 05:30:00+05:30
1669334400,1294.5,1312.45,1291.05,1308.8,6783976,2022-11-25 05:30:00+05:30
1669593600,1304.45,1360.53,1251.0,1353.78,29099858,2022-11-28 05:30:00+05:30
1669680000,1351.98,1365.83,1347.0,1356.1,10207374,2022-11-29 05:30:00+05:30
1669766400,1356.25,1372.73,1349.1,1365.68,24150274,2022-11-30 05:30:00+05:30
1669852800,1370.9,1377.5,1358.0,1361.65,8755392,2022-12-01 05:30:00+05:30
1669939200,1365.0,1374.0,1350.3,1361.08,10697190,2022-12-02 05:30:00+05:30
1670198400,1356.0,1358.38,1339.0,1341.23,13686734,2022-12-05 05:30:00+05:30
1670284800,1332.55,1348.5,1330.5,1345.1,7932486,2022-12-06 05:30:00+05:30
1670371200,1342.5,1347.5,1321.08,1325.25,7810526,2022-12-07 05:30:00+05:30
1670457600,1330.0,1332.5,1320.05,1324.63,7159716,2022-12-08 05:30:00+05:30
1670544000,1323.0,1330.0,1300.93,1304.55,11681266,2022-12-09 05:30:00+05:30
1670803200,1292.75,1311.5,1292.5,1306.55,8749892,2022-12-12 05:30:00+05:30
1670889600,1306.55,1316.5,1303.35,1312.5,7691678,2022-12-13 05:30:00+05:30
1670976000,1318.83,1319.48,1305.5,1307.75,6709236,2022-12-14 05:30:00+05:30
1671062400,1301.25,1307.5,1285.5,1289.18,8019530,2022-12-15 05:30:00+05:30
1671148800,1285.5,1309.4,1279.08,1282.8,14617868,2022-12-16 05:30:00+05:30
1671408000,1290.5,1302.0,1283.35,1299.65,7134726,2022-12-19 05:30:00+05:30
1671494400,1291.95,1313.0,1283.0,1310.9,6892582,2022-12-20 05:30:00+05:30
1671580800,1310.5,1316.5,1288.05,1292.25,7870926,2022-12-21 05:30:00+05:30
1671667200,1299.0,1302.33,1283.38,1288.9,6877384,2022-12-22 05:30:00+05:30
1671753600,1281.65,1295.25,1246.13,1251.1,9467314,2022-12-23 05:30:00+05:30
1672012800,1257.38,1271.0,1246.2,1262.03,5528992,2022-12-26 05:30:00+05:30
1672099200,1265.0,1274.4,1257.63,1272.35,5319498,2022-12-27 05:30:00+05:30
1672185600,1269.0,1274.9,1260.75,1272.22,6885018,2022-12-28 05:30:00+05:30
1672272000,1263.5,1274.45,1262.75,1271.65,6396986,2022-12-29 05:30:00+05:30
1672358400,1272.55,1288.5,1270.55,1273.6,6728184,2022-12-30 05:30:00+05:30
1672617600,1275.0,1289.5,1274.1,1287.95,4906828,2023-01-02 05:30:00+05:30
1672704000,1282.53,1286.5,1273.9,1278.53,7069192,2023-01-03 05:30:00+05:30
1672790400,1278.5,1280.53,1257.0,1259.28,8551492,2023-01-04 05:30:00+05:30
1672876800,1261.75,1268.2,1252.0,1257.03,12587038,2023-01-05 05:30:00+05:30
1672963200,1263.33,1273.97,1259.15,1268.45,5860676,2023-01-06 05:30:00+05:30
1673222400,1272.65,1301.0,1271.68,1298.4,9897098,2023-01-09 05:30:00+05:30
1673308800,1303.0,1303.0,1273.0,1279.2,7427510,2023-01-10 05:30:00+05:30
1673395200,1276.25,1279.0,1260.55,1263.08,10623314,2023-01-11 05:30:00+05:30
1673481600,1262.43,1266.25,1232.5,1235.8,16326732,2023-01-12 05:30:00+05:30
1673568000,1229.2,1236.45,1217.3,1233.8,19030946,2023-01-13 05:30:00+05:30
1673827200,1236.35,1239.83,1213.5,1222.05,12574814,2023-01-16 05:30:00+05:30
1673913600,1229.0,1241.5,1225.3,1239.4,9923170,2023-01-17 05:30:00+05:30
1674000000,1236.75,1245.55,1230.18,1237.35,12412764,2023-01-18 05:30:00+05:30
1674086400,1236.45,1240.58,1228.33,1236.03,11020666,2023-01-19 05:30:00+05:30
1674172800,1237.5,1237.5,1218.63,1221.33,13780650,2023-01-20 05:30:00+05:30
1674432000,1224.5,1233.1,1212.5,1215.15,10110648,2023-01-23 05:30:00+05:30
1674518400,1220.0,1221.83,1193.68,1207.97,15219116,2023-01-24 05:30:00+05:30
1674604800,1206.22,1207.35,1190.0,1191.28,11431368,2023-01-25 05:30:00+05:30
1674777600,1192.2,1193.68,1155.83,1168.68,23841982,2023-01-27 05:30:00+05:30
1675036800,1165.85,1185.95,1150.5,1179.88,20095644,2023-01-30 05:30:00+05:30
1675123200,1191.0,1193.83,1170.5,1176.93,20944334,2023-01-31 05:30:00+05:30
1675209600,1189.97,1189.97,1152.5,1169.95,17858014,2023-02-01 05:30:00+05:30
1675296000,1159.0,1174.0,1155.5,1163.47,12610634,2023-02-02 05:30:00+05:30
1675382400,1174.5,1174.5,1146.5,1164.5,22797700,2023-02-03 05:30:00+05:30
1675641600,1157.5,1160.5,1152.9,1155.72,13695358,2023-02-06 05:30:00+05:30
1675728000,1156.0,1163.7,1146.5,1152.95,13970002,2023-02-07 05:30:00+05:30
1675814400,1156.5,1179.95,1153.5,1175.97,19530980,2023-02-08 05:30:00+05:30
1675900800,1176.72,1185.43,1167.0,1178.03,12158456,2023-02-09 05:30:00+05:30
1675987200,1177.45,1177.45,1160.65,1168.33,9959578,2023-02-10 05:30:00+05:30
1676246400,1170.1,1175.0,1156.78,1161.68,9555348,2023-02-13 05:30:00+05:30
1676332800,1164.97,1190.95,1161.83,1189.05,13219128,2023-02-14 05:30:00+05:30
1676419200,1188.0,1218.6,1186.5,1215.97,30923804,2023-02-15 05:30:00+05:30
1676505600,1224.72,1231.9,1212.53,1215.03,15935116,2023-02-16 05:30:00+05:30
1676592000,1210.0,1223.75,1205.3,1220.1,10900184,2023-02-17 05:30:00+05:30
1676851200,1222.5,1224.88,1205.05,1207.2,8156490,2023-02-20 05:30:00+05:30
1676937600,1212.0,1223.4,1206.18,1217.05,12286596,2023-02-21 05:30:00+05:30
1677024000,1212.97,1215.0,1187.53,1189.45,10175458,2023-02-22 05:30:00+05:30
1677110400,1189.0,1197.38,1180.68,1183.75,9093310,2023-02-23 05:30:00+05:30
1677196800,1186.0,1198.08,1184.0,1191.85,8707628,2023-02-24 05:30:00+05:30
1677456000,1191.0,1194.83,1175.85,1183.93,10337334,2023-02-27 05:30:00+05:30
1677542400,1178.05,1183.5,1156.83,1161.28,20300490,2023-02-28 05:30:00+05:30
1677628800,1172.0,1172.75,1161.63,1171.95,10661704,2023-03-01 05:30:00+05:30
1677715200,1168.5,1175.83,1160.8,1163.03,8614850,2023-03-02 05:30:00+05:30
1677801600,1174.58,1196.72,1170.78,1192.7,13516230,2023-03-03 05:30:00+05:30
1678060800,1200.0,1212.3,1200.0,1204.35,9388676,2023-03-06 05:30:00+05:30
1678233600,1204.35,1209.5,1192.5,1208.68,14567388,2023-03-08 05:30:00+05:30
1678320000,1208.0,1208.45,1177.55,1179.63,14985018,2023-03-09 05:30:00+05:30
1678406400,1170.75,1172.0,1157.53,1161.35,12307362,2023-03-10 05:30:00+05:30
1678665600,1164.5,1172.0,1137.5,1142.25,11788176,2023-03-13 05:30:00+05:30
1678752000,1140.0,1152.47,1134.53,1137.97,14793398,2023-03-14 05:30:00+05:30
1678838400,1142.05,1149.15,1113.7,1118.53,20055450,2023-03-15 05:30:00+05:30
1678924800,1121.5,1127.0,1101.1,1112.95,16949190,2023-03-16 05:30:00+05:30
1679011200,1122.38,1125.97,1106.35,1111.55,31395108,2023-03-17 05:30:00+05:30
1679270400,1107.5,1110.0,1090.0,1100.63,18021190,2023-03-20 05:30:00+05:30
1679356800,1109.47,1137.0,1108.5,1134.85,19752526,2023-03-21 05:30:00+05:30
1679443200,1142.5,1145.72,1135.0,1138.3,10079244,2023-03-22 05:30:00+05:30
1679529600,1134.0,1134.95,1121.53,1123.9,14998164,2023-03-23 05:30:00+05:30
1679616000,1122.63,1125.0,1099.0,1101.65,11422994,2023-03-24 05:30:00+05:30
1679875200,1108.75,1127.0,1100.1,1118.78,12972136,2023-03-27 05:30:00+05:30
1679961600,1122.5,1128.25,1118.5,1124.0,11608036,2023-03-28 05:30:00+05:30
1680048000,1119.5,1122.4,1105.55,1117.35,17356146,2023-03-29 05:30:00+05:30
1680220800,1127.5,1171.72,1127.35,1165.53,26002010,2023-03-31 05:30:00+05:30
1680480000,1172.5,1174.5,1157.5,1165.72,9500476,2023-04-03 05:30:00+05:30
1680652800,1174.0,1174.0,1154.28,1162.93,15010678,2023-04-05 05:30:00+05:30
1680739200,1159.08,1177.0,1159.08,1170.72,17015542,2023-04-06 05:30:00+05:30
1681084800,1175.0,1175.2,1160.78,1162.43,11963376,2023-04-10 05:30:00+05:30
1681171200,1167.0,1170.5,1162.03,1168.18,9730602,2023-04-11 05:30:00+05:30
1681257600,1168.18,1183.9,1165.03,1173.33,16779292,2023-04-12 05:30:00+05:30
1681344000,1176.5,1182.9,1171.0,1177.75,11425082,2023-04-13 05:30:00+05:30
1681689600,1212.47,1212.47,1174.53,1183.72,16548904,2023-04-17 05:30:00+05:30
1681776000,1188.5,1188.5,1163.0,1170.18,9604344,2023-04-18 05:30:00+05:30
1681862400,1169.53,1178.95,1166.1,1176.0,11328414,2023-04-19 05:30:00+05:30
1681948800,1177.05,1179.5,1166.05,1173.03,6467764,2023-04-20 05:30:00+05:30
1682035200,1175.33,1180.5,1168.2,1174.5,7058472,2023-04-21 05:30:00+05:30
1682294400,1187.5,1190.45,1174.0,1179.0,11940096,2023-04-24 05:30:00+05:30
1682380800,1183.0,1190.3,1175.25,1188.03,8524942,2023-04-25 05:30:00+05:30
1682467200,1189.5,1193.05,1177.03,1181.05,7954258,2023-04-26 05:30:00+05:30
1682553600,1187.5,1192.0,1182.0,1188.53,8461254,2023-04-27 05:30:00+05:30
1682640000,1191.0,1211.95,1190.88,1210.25,14366684,2023-04-28 05:30:00+05:30
1682985600,1218.1,1222.9,1214.05,1220.53,11982202,2023-05-02 05:30:00+05:30
1683072000,1222.5,1222.5,1206.53,1210.05,6518106,2023-05-03 05:30:00+05:30
1683158400,1210.58,1226.43,1207.3,1224.0,7970318,2023-05-04 05:30:00+05:30
1683244800,1220.5,1230.68,1218.0,1220.88,8073096,2023-05-05 05:30:00+05:30
1683504000,1225.0,1241.83,1222.08,1235.95,8448938,2023-05-08 05:30:00+05:30
1683590400,1237.5,1243.4,1231.63,1239.78,5966936,2023-05-09 05:30:00+05:30
1683676800,1245.0,1249.93,1240.6,1248.3,10035088,2023-05-10 05:30:00+05:30
1683763200,1249.47,1254.75,1238.28,1240.15,9744902,2023-05-11 05:30:00+05:30
1683849600,1234.9,1243.7,1228.25,1242.18,6419778,2023-05-12 05:30:00+05:30
1684108800,1244.95,1252.28,1236.58,1244.63,6307174,2023-05-15 05:30:00+05:30
1684195200,1247.0,1249.8,1225.08,1226.9,8046000,2023-05-16 05:30:00+05:30
1684281600,1231.5,1232.5,1214.5,1219.65,8121444,2023-05-17 05:30:00+05:30
1684368000,1224.78,1228.5,1213.58,1217.03,9715062,2023-05-18 05:30:00+05:30
1684454400,1217.03,1222.97,1209.43,1220.97,7430560,2023-05-19 05:30:00+05:30
1684713600,1217.5,1233.0,1216.18,1227.5,6862416,2023-05-22 05:30:00+05:30
1684800000,1230.33,1234.0,1225.72,1227.28,5622946,2023-05-23 05:30:00+05:30
1684886400,1222.95,1232.0,1216.72,1220.13,7487608,2023-05-24 05:30:00+05:30
1684972800,1216.95,1224.5,1208.03,1219.97,10603294,2023-05-25 05:30:00+05:30
1685059200,1229.0,1254.5,1225.38,1253.25,11654034,2023-05-26 05:30:00+05:30
1685318400,1260.5,1265.0,1253.6,1260.3,9239508,2023-05-29 05:30:00+05:30
1685404800,1260.3,1268.85,1257.18,1259.97,10469128,2023-05-30 05:30:00+05:30
1685491200,1250.0,1254.93,1230.5,1234.95,25020608,2023-05-31 05:30:00+05:30
1685577600,1240.08,1242.45,1229.0,1231.63,13469050,2023-06-01 05:30:00+05:30
1685664000,1235.5,1241.43,1225.5,1227.6,14583990,2023-06-02 05:30:00+05:30
1685923200,1233.6,1241.88,1229.22,1238.63,10068710,2023-06-05 05:30:00+05:30
1686009600,1241.72,1243.85,1231.0,1239.68,6916322,2023-06-06 05:30:00+05:30
1686096000,1243.5,1250.0,1236.3,1249.08,9518476,2023-06-07 05:30:00+05:30
1686182400,1253.0,1258.43,1245.5,1249.83,11141630,2023-06-08 05:30:00+05:30
1686268800,1253.5,1254.28,1239.0,1240.97,5424486,2023-06-09 05:30:00+05:30
1686528000,1237.75,1244.6,1232.5,1242.08,5899786,2023-06-12 05:30:00+05:30
1686614400,1247.5,1261.72,1243.13,1260.43,10381916,2023-06-13 05:30:00+05:30
1686700800,1260.5,1277.5,1258.5,1275.93,12255018,2023-06-14 05:30:00+05:30
1686787200,1275.9,1281.28,1267.75,1276.28,10903852,2023-06-15 05:30:00+05:30
1686873600,1280.1,1291.2,1280.1,1288.7,22310360,2023-06-16 05:30:00+05:30
1687132800,1292.0,1292.0,1271.33,1275.9,6275064,2023-06-19 05:30:00+05:30
1687219200,1273.78,1282.0,1267.5,1278.55,6388170,2023-06-20 05:30:00+05:30
1687305600,1278.5,1284.93,1274.0,1282.15,6425558,2023-06-21 05:30:00+05:30
1687392000,1278.0,1286.65,1266.0,1267.75,7032488,2023-06-22 05:30:00+05:30
1687478400,1264.45,1266.7,1256.0,1257.38,6118168,2023-06-23 05:30:00+05:30
1687737600,1253.5,1257.7,1244.35,1247.78,11667786,2023-06-26 05:30:00+05:30
1687824000,1248.28,1254.75,1243.33,1248.22,8943374,2023-06-27 05:30:00+05:30
1687910400,1256.5,1268.93,1248.93,1264.75,10479744,2023-06-28 05:30:00+05:30
1688083200,1273.2,1278.33,1266.72,1275.13,10292882,2023-06-30 05:30:00+05:30
1688342400,1279.03,1311.0,1277.68,1307.85,11218496,2023-07-03 05:30:00+05:30
1688428800,1312.5,1312.5,1286.63,1294.38,7440894,2023-07-04 05:30:00+05:30
1688515200,1304.5,1304.5,1287.9,1292.25,9458958,2023-07-05 05:30:00+05:30
1688601600,1288.03,1322.23,1288.03,1319.38,17645896,2023-07-06 05:30:00+05:30
1688688000,1317.5,1332.48,1314.0,1316.8,12345368,2023-07-07 05:30:00+05:30
1688947200,1344.45,1378.0,1337.5,1367.53,30680524,2023-07-10 05:30:00+05:30
1689033600,1376.45,1385.0,1368.8,1382.35,18524002,2023-07-11 05:30:00+05:30
1689120000,1383.15,1401.0,1380.83,1383.88,17291324,2023-07-12 05:30:00+05:30
1689206400,1391.95,1399.5,1368.63,1371.5,13552344,2023-07-13 05:30:00+05:30
1689292800,1375.0,1380.45,1362.55,1370.35,13959580,2023-07-14 05:30:00+05:30
1689552000,1373.5,1407.53,1364.0,1398.35,20509090,2023-07-17 05:30:00+05:30
1689638400,1408.5,1418.73,1396.5,1410.23,23875522,2023-07-18 05:30:00+05:30
1689724800,1415.0,1428.0,1398.5,1420.93,36109738,2023-07-19 05:30:00+05:30
1689811200,1290.0,1315.48,1290.0,1309.93,38717624,2023-07-20 05:30:00+05:30
1689897600,1304.5,1307.45,1261.8,1269.38,30249238,2023-07-21 05:30:00+05:30
1690156800,1240.5,1257.47,1234.65,1243.7,23727866,2023-07-24 05:30:00+05:30
1690243200,1247.0,1252.6,1240.0,1242.9,12026020,2023-07-25 05:30:00+05:30
1690329600,1242.5,1273.5,1242.5,1263.1,12911012,2023-07-26 05:30:00+05:30
1690416000,1267.03,1268.83,1245.18,1251.35,17226898,2023-07-27 05:30:00+05:30
1690502400,1256.03,1271.43,1250.28,1263.93,20827852,2023-07-28 05:30:00+05:30
1690761600,1263.93,1276.95,1258.97,1274.63,8551174,2023-07-31 05:30:00+05:30
1690848000,1277.5,1279.5,1252.65,1256.6,9536632,2023-08-01 05:30:00+05:30
1690934400,1254.6,1256.0,1231.8,1243.18,12748214,2023-08-02 05:30:00+05:30
1691020800,1237.65,1250.45,1229.03,1237.95,10168350,2023-08-03 05:30:00+05:30
1691107200,1249.4,1258.0,1235.8,1254.78,22885610,2023-08-04 05:30:00+05:30
1691366400,1260.5,1264.2,1252.5,1261.93,5982870,2023-08-07 05:30:00+05:30
1691452800,1264.0,1267.22,1249.78,1254.33,9844072,2023-08-08 05:30:00+05:30
1691539200,1252.43,1264.5,1240.55,1262.6,11486586,2023-08-09 05:30:00+05:30
1691625600,1262.47,1275.0,1254.22,1268.22,15470598,2023-08-10 05:30:00+05:30
1691712000,1266.22,1279.43,1256.18,1273.58,22179330,2023-08-11 05:30:00+05:30
1691971200,1269.5,1291.15,1262.5,1288.63,9575812,2023-08-14 05:30:00+05:30
1692144000,1275.5,1291.4,1275.5,1287.58,10203112,2023-08-16 05:30:00+05:30
1692230400,1283.55,1289.05,1266.43,1269.0,13673744,2023-08-17 05:30:00+05:30
1692316800,1265.63,1288.8,1254.28,1278.4,18639978,2023-08-18 05:30:00+05:30
1692576000,1269.97,1277.72,1257.83,1260.0,9221746,2023-08-21 05:30:00+05:30
1692662400,1258.45,1268.97,1249.5,1259.7,7713044,2023-08-22 05:30:00+05:30
1692748800,1262.1,1271.43,1258.47,1261.1,9517952,2023-08-23 05:30:00+05:30
1692835200,1269.95,1269.95,1235.5,1239.9,14140020,2023-08-24 05:30:00+05:30
1692921600,1228.0,1252.5,1221.3,1234.18,22222400,2023-08-25 05:30:00+05:30
1693180800,1236.0,1242.0,1215.55,1221.88,12580826,2023-08-28 05:30:00+05:30
1693267200,1226.03,1226.72,1204.08,1210.18,16876644,2023-08-29 05:30:00+05:30
1693353600,1216.0,1221.5,1207.5,1209.03,12168946,2023-08-30 05:30:00+05:30
1693440000,1211.5,1212.5,1199.95,1203.5,21638600,2023-08-31 05:30:00+05:30
1693526400,1203.28,1212.83,1200.83,1206.33,18112842,2023-09-01 05:30:00+05:30
1693785600,1206.33,1211.83,1202.65,1205.35,9347626,2023-09-04 05:30:00+05:30
1693872000,1210.0,1216.97,1206.22,1211.8,8675876,2023-09-05 05:30:00+05:30
1693958400,1210.55,1218.08,1208.63,1214.35,8200370,2023-09-06 05:30:00+05:30
1694044800,1210.85,1219.13,1205.5,1216.0,13652572,2023-09-07 05:30:00+05:30
1694131200,1220.0,1228.0,1211.47,1224.1,23109288,2023-09-08 05:30:00+05:30
1694390400,1226.0,1238.43,1226.0,1237.3,13271074,2023-09-11 05:30:00+05:30
1694476800,1241.5,1241.5,1217.97,1219.43,16255666,2023-09-12 05:30:00+05:30
1694563200,1220.0,1231.33,1213.13,1225.53,12803338,2023-09-13 05:30:00+05:30
1694649600,1230.0,1232.9,1222.5,1226.65,9209636,2023-09-14 05:30:00+05:30
1694736000,1234.0,1234.0,1224.75,1228.93,25468592,2023-09-15 05:30:00+05:30
1694995200,1220.03,1225.5,1216.03,1218.22,7516300,2023-09-18 05:30:00+05:30
1695168000,1211.53,1213.8,1177.5,1191.08,57081884,2023-09-20 05:30:00+05:30
1695254400,1187.47,1195.05,1180.0,1182.4,12226182,2023-09-21 05:30:00+05:30
1695340800,1188.0,1191.22,1175.0,1177.47,19176786,2023-09-22 05:30:00+05:30
1695600000,1175.2,1180.35,1167.55,1170.22,14254884,2023-09-25 05:30:00+05:30
1695686400,1169.28,1175.1,1167.8,1171.25,10087782,2023-09-26 05:30:00+05:30
1695772800,1171.75,1185.9,1169.25,1184.45,11722778,2023-09-27 05:30:00+05:30
1695859200,1191.5,1191.5,1162.5,1167.05,14518346,2023-09-28 05:30:00+05:30
1695945600,1170.9,1184.55,1167.05,1172.5,12342014,2023-09-29 05:30:00+05:30
1696291200,1164.97,1167.8,1158.0,1159.08,8859056,2023-10-03 05:30:00+05:30
1696377600,1154.5,1159.5,1147.55,1157.08,10286386,2023-10-04 05:30:00+05:30
1696464000,1159.63,1164.7,1154.5,1157.05,10953682,2023-10-05 05:30:00+05:30
1696550400,1158.53,1162.4,1156.03,1159.0,5431026,2023-10-06 05:30:00+05:30
1696809600,1154.05,1155.97,1147.5,1149.13,7576878,2023-10-09 05:30:00+05:30
1696896000,1153.28,1158.95,1151.88,1154.2,10236032,2023-10-10 05:30:00+05:30
1696982400,1157.22,1174.85,1156.5,1172.53,9814118,2023-10-11 05:30:00+05:30
1697068800,1171.93,1179.68,1169.08,1174.7,12554450,2023-10-12 05:30:00+05:30
1697155200,1170.0,1178.75,1164.58,1174.65,10150316,2023-10-13 05:30:00+05:30
1697414400,1172.5,1177.28,1168.0,1172.03,5929036,2023-10-16 05:30:00+05:30
1697500800,1178.0,1179.85,1170.65,1177.63,7928180,2023-10-17 05:30:00+05:30
1697587200,1177.63,1183.5,1160.5,1162.0,8918320,2023-10-18 05:30:00+05:30
1697673600,1156.0,1160.9,1150.5,1153.08,12032556,2023-10-19 05:30:00+05:30
1697760000,1150.0,1157.35,1148.15,1149.55,8913312,2023-10-20 05:30:00+05:30
1698019200,1145.0,1153.13,1127.63,1131.6,7853962,2023-10-23 05:30:00+05:30
1698192000,1125.03,1140.6,1121.5,1128.97,11620688,2023-10-25 05:30:00+05:30
1698278400,1125.5,1129.0,1110.15,1113.25,15222534,2023-10-26 05:30:00+05:30
1698364800,1120.0,1136.75,1117.97,1132.9,11771084,2023-10-27 05:30:00+05:30
1698624000,1137.0,1162.5,1134.97,1156.25,16813304,2023-10-30 05:30:00+05:30
1698710400,1164.0,1164.0,1141.45,1143.95,12808438,2023-10-31 05:30:00+05:30
1698796800,1144.58,1158.75,1137.6,1148.7,10309190,2023-11-01 05:30:00+05:30
1698883200,1156.97,1162.15,1153.97,1160.1,10562104,2023-11-02 05:30:00+05:30
1698969600,1163.6,1167.47,1157.88,1159.85,8850156,2023-11-03 05:30:00+05:30
1699228800,1166.15,1170.0,1162.8,1169.5,10647304,2023-11-06 05:30:00+05:30
1699315200,1167.03,1169.55,1159.78,1161.9,6960204,2023-11-07 05:30:00+05:30
1699401600,1166.0,1170.5,1160.88,1167.95,7884494,2023-11-08 05:30:00+05:30
1699488000,1167.93,1167.95,1152.1,1155.28,14513610,2023-11-09 05:30:00+05:30
1699574400,1152.78,1158.18,1149.03,1157.45,7734954,2023-11-10 05:30:00+05:30
1699747200,1163.03,1166.0,1161.25,1165.33,1419844,2023-11-12 05:30:00+05:30
1699833600,1161.45,1162.3,1155.85,1157.3,3854810,2023-11-13 05:30:00+05:30
1700006400,1170.0,1180.97,1163.5,1178.22,12220648,2023-11-15 05:30:00+05:30
1700092800,1175.55,1187.08,1173.47,1180.35,13134910,2023-11-16 05:30:00+05:30
1700179200,1176.45,1186.63,1176.03,1177.78,7758634,2023-11-17 05:30:00+05:30
1700438400,1174.28,1179.2,1168.2,1174.68,4490186,2023-11-20 05:30:00+05:30
1700524800,1183.0,1194.0,1180.1,1189.45,8214450,2023-11-21 05:30:00+05:30
1700611200,1187.5,1197.22,1186.1,1194.1,8534814,2023-11-22 05:30:00+05:30
1700697600,1194.1,1200.0,1194.1,1197.75,8531542,2023-11-23 05:30:00+05:30
1700784000,1195.8,1201.3,1195.53,1196.95,6749486,2023-11-24 05:30:00+05:30
1701129600,1196.95,1199.85,1187.63,1197.2,13792174,2023-11-28 05:30:00+05:30
1701216000,1204.0,1205.97,1199.03,1200.35,12531306,2023-11-29 05:30:00+05:30
1701302400,1197.35,1200.35,1184.95,1188.72,28439984,2023-11-30 05:30:00+05:30
1701388800,1189.0,1198.2,1188.8,1197.15,14342842,2023-12-01 05:30:00+05:30
1701648000,1225.0,1225.0,1199.3,1210.1,15590990,2023-12-04 05:30:00+05:30
1701734400,1219.5,1220.43,1210.83,1218.88,12693624,2023-12-05 05:30:00+05:30
1701820800,1223.55,1236.47,1217.5,1230.55,16422442,2023-12-06 05:30:00+05:30
1701907200,1230.0,1230.47,1221.0,1228.53,8142096,2023-12-07 05:30:00+05:30
1701993600,1231.93,1238.35,1222.5,1227.88,10204894,2023-12-08 05:30:00+05:30
1702252800,1228.0,1233.8,1226.2,1229.68,7066138,2023-12-11 05:30:00+05:30
1702339200,1230.0,1232.47,1210.08,1212.03,9197124,2023-12-12 05:30:00+05:30
1702425600,1211.0,1219.18,1203.15,1216.97,10031182,2023-12-13 05:30:00+05:30
1702512000,1227.0,1237.47,1221.33,1232.08,16972354,2023-12-14 05:30:00+05:30
1702598400,1239.0,1250.0,1235.03,1247.8,15932152,2023-12-15 05:30:00+05:30
1702857600,1247.8,1267.45,1245.47,1260.5,14165188,2023-12-18 05:30:00+05:30
1702944000,1277.5,1286.95,1262.6,1279.05,16820604,2023-12-19 05:30:00+05:30
1703030400,1285.53,1299.43,1260.0,1263.58,17736722,2023-12-20 05:30:00+05:30
1703116800,1263.5,1286.75,1259.13,1281.28,13765454,2023-12-21 05:30:00+05:30
1703203200,1279.8,1290.45,1273.83,1282.53,16541784,2023-12-22 05:30:00+05:30
1703548800,1284.0,1295.97,1281.35,1289.03,7465664,2023-12-26 05:30:00+05:30
1703635200,1291.0,1299.95,1286.55,1293.43,9204156,2023-12-27 05:30:00+05:30
1703721600,1294.9,1306.0,1293.43,1302.78,12302636,2023-12-28 05:30:00+05:30
1703808000,1305.55,1307.0,1289.65,1292.47,10864584,2023-12-29 05:30:00+05:30
1704067200,1290.28,1303.43,1286.58,1295.13,4030540,2024-01-01 05:30:00+05:30
1704153600,1292.5,1307.5,1286.5,1305.85,7448800,2024-01-02 05:30:00+05:30
1704240000,1305.0,1317.0,1288.6,1291.65,9037536,2024-01-03 05:30:00+05:30
1704326400,1294.0,1304.93,1289.55,1298.33,9612778,2024-01-04 05:30:00+05:30
1704412800,1301.45,1309.93,1299.0,1303.85,8086406,2024-01-05 05:30:00+05:30
1704672000,1305.0,1315.98,1284.47,1293.68,7734652,2024-01-08 05:30:00+05:30
1704758400,1300.0,1303.4,1288.6,1290.25,5403074,2024-01-09 05:30:00+05:30
1704844800,1288.5,1329.5,1287.53,1325.05,11102740,2024-01-10 05:30:00+05:30
1704931200,1329.5,1362.5,1328.5,1359.9,23725852,2024-01-11 05:30:00+05:30
1705017600,1359.9,1373.33,1345.75,1370.73,15012164,2024-01-12 05:30:00+05:30
1705276800,1375.0,1396.45,1366.0,1394.13,8610594,2024-01-15 05:30:00+05:30
1705363200,1389.98,1396.3,1370.5,1374.63,9069024,2024-01-16 05:30:00+05:30
1705449600,1359.5,1386.28,1355.03,1361.58,12197382,2024-01-17 05:30:00+05:30
1705536000,1351.4,1371.0,1351.25,1367.95,10279438,2024-01-18 05:30:00+05:30
1705622400,1376.0,1376.0,1359.0,1367.45,10422704,2024-01-19 05:30:00+05:30
1705708800,1365.0,1383.48,1350.0,1356.65,7283394,2024-01-20 05:30:00+05:30
1705968000,1371.75,1371.75,1322.55,1328.58,20055420,2024-01-23 05:30:00+05:30
1706054400,1335.23,1349.5,1323.93,1343.88,21919128,2024-01-24 05:30:00+05:30
1706140800,1342.95,1364.15,1335.2,1353.08,11808872,2024-01-25 05:30:00+05:30
1706486400,1364.5,1452.5,1360.18,1448.05,23893438,2024-01-29 05:30:00+05:30
1706572800,1459.95,1459.98,1404.43,1407.63,14093978,2024-01-30 05:30:00+05:30
1706659200,1404.0,1434.25,1402.5,1426.63,15130226,2024-01-31 05:30:00+05:30
1706745600,1435.0,1443.35,1418.05,1426.65,13349362,2024-02-01 05:30:00+05:30
1706832000,1433.18,1474.9,1433.18,1457.7,19652588,2024-02-02 05:30:00+05:30
1707091200,1460.75,1470.5,1431.53,1439.03,8814432,2024-02-05 05:30:00+05:30
1707177600,1441.85,1441.85,1419.83,1427.8,9047984,2024-02-06 05:30:00+05:30
1707264000,1435.93,1449.5,1429.25,1442.15,9296568,2024-02-07 05:30:00+05:30
1707350400,1450.0,1459.48,1427.53,1450.13,14694634,2024-02-08 05:30:00+05:30
1707436800,1454.0,1471.98,1450.95,1460.75,12556798,2024-02-09 05:30:00+05:30
1707696000,1460.75,1461.0,1442.35,1452.35,6674430,2024-02-12 05:30:00+05:30
1707782400,1455.5,1479.0,1454.0,1465.1,7715594,2024-02-13 05:30:00+05:30
1707868800,1457.5,1483.65,1457.5,1481.38,7117888,2024-02-14 05:30:00+05:30
1707955200,1483.35,1484.73,1466.53,1470.6,10006782,2024-02-15 05:30:00+05:30
1708041600,1476.48,1477.0,1458.55,1460.58,9767498,2024-02-16 05:30:00+05:30
1708300800,1462.05,1479.5,1453.53,1474.0,6729828,2024-02-19 05:30:00+05:30
1708387200,1475.03,1475.5,1461.8,1471.03,7117496,2024-02-20 05:30:00+05:30
1708473600,1474.0,1488.53,1457.55,1467.7,12720292,2024-02-21 05:30:00+05:30
1708560000,1468.15,1484.95,1458.0,1481.75,18493728,2024-02-22 05:30:00+05:30
1708646400,1489.5,1497.55,1483.35,1493.63,14438584,2024-02-23 05:30:00+05:30
1708905600,1493.55,1494.53,1482.5,1487.33,7513106,2024-02-26 05:30:00+05:30
1708992000,1483.03,1499.95,1478.05,1485.65,10826044,2024-02-27 05:30:00+05:30
1709078400,1483.0,1491.28,1450.18,1455.63,8647950,2024-02-28 05:30:00+05:30
1709164800,1465.0,1478.98,1454.53,1460.8,23628976,2024-02-29 05:30:00+05:30
1709251200,1463.5,1500.0,1462.5,1492.13,12132926,2024-03-01 05:30:00+05:30
1709337600,1492.0,1500.45,1488.0,1491.08,716300,2024-03-02 05:30:00+05:30
1709510400,1490.48,1512.45,1487.23,1507.4,10024420,2024-03-04 05:30:00+05:30
1709596800,1505.78,1507.4,1486.05,1500.2,7107668,2024-03-05 05:30:00+05:30
1709683200,1493.45,1509.0,1478.5,1503.0,7805676,2024-03-06 05:30:00+05:30
1709769600,1502.98,1503.1,1475.55,1478.93,8315726,2024-03-07 05:30:00+05:30
1710115200,1489.0,1489.0,1463.5,1466.6,11277130,2024-03-11 05:30:00+05:30
1710201600,1466.6,1488.0,1465.03,1475.43,9432678,2024-03-12 05:30:00+05:30
1710288000,1479.78,1483.1,1427.78,1432.18,13522134,2024-03-13 05:30:00+05:30
1710374400,1439.7,1448.53,1425.5,1431.48,18571102,2024-03-14 05:30:00+05:30
1710460800,1425.95,1433.23,1412.9,1418.23,19223818,2024-03-15 05:30:00+05:30
1710720000,1420.0,1441.73,1416.53,1439.48,9169392,2024-03-18 05:30:00+05:30
1710806400,1428.75,1437.6,1417.25,1425.25,8275764,2024-03-19 05:30:00+05:30
1710892800,1427.95,1445.0,1424.03,1443.75,8488806,2024-03-20 05:30:00+05:30
1710979200,1452.53,1457.9,1444.68,1450.98,13006936,2024-03-21 05:30:00+05:30
1711065600,1449.98,1460.0,1447.35,1455.03,19527608,2024-03-22 05:30:00+05:30
1711411200,1445.0,1452.4,1439.0,1441.58,11415906,2024-03-26 05:30:00+05:30
1711497600,1448.0,1500.0,1447.0,1492.85,16326644,2024-03-27 05:30:00+05:30
1711584000,1492.88,1505.95,1478.65,1485.85,21854364,2024-03-28 05:30:00+05:30
1711929600,1492.48,1493.98,1482.5,1484.78,5013880,2024-04-01 05:30:00+05:30
1712016000,1484.0,1494.0,1475.0,1486.95,8910166,2024-04-02 05:30:00+05:30
1712102400,1482.08,1484.45,1468.9,1471.6,7008292,2024-04-03 05:30:00+05:30
1712188800,1479.75,1479.75,1450.0,1462.93,14490272,2024-04-04 05:30:00+05:30
1712275200,1460.88,1470.8,1456.0,1460.1,7442298,2024-04-05 05:30:00+05:30
1712534400,1462.98,1490.98,1461.0,1485.98,8357118,2024-04-08 05:30:00+05:30
1712620800,1489.0,1489.8,1462.5,1463.65,7071414,2024-04-09 05:30:00+05:30
1712707200,1466.35,1487.0,1466.35,1479.58,9138330,2024-04-10 05:30:00+05:30
1712880000,1475.88,1486.48,1463.08,1467.15,15551012,2024-04-12 05:30:00+05:30
1713139200,1461.0,1482.13,1446.33,1464.83,12902062,2024-04-15 05:30:00+05:30
1713225600,1453.35,1471.18,1450.93,1465.75,9366184,2024-04-16 05:30:00+05:30
1713398400,1463.5,1486.0,1459.35,1464.33,19005692,2024-04-18 05:30:00+05:30
1713484800,1456.78,1474.0,1443.03,1470.13,15741778,2024-04-19 05:30:00+05:30
1713744000,1472.45,1482.83,1467.8,1479.85,10350362,2024-04-22 05:30:00+05:30
1713830400,1479.0,1493.5,1455.55,1459.33,14605554,2024-04-23 05:30:00+05:30
1713916800,1463.5,1468.55,1449.5,1450.18,10462776,2024-04-24 05:30:00+05:30
1714003200,1442.5,1467.98,1441.5,1459.98,15943926,2024-04-25 05:30:00+05:30
1714089600,1463.95,1465.0,1450.0,1452.55,9413848,2024-04-26 05:30:00+05:30
1714348800,1450.0,1467.9,1450.0,1465.03,7247974,2024-04-29 05:30:00+05:30
1714435200,1468.0,1483.08,1462.88,1467.0,11474262,2024-04-30 05:30:00+05:30
1714608000,1472.0,1477.33,1464.13,1466.55,14512646,2024-05-02 05:30:00+05:30
1714694400,1471.0,1474.95,1416.15,1434.0,17226958,2024-05-03 05:30:00+05:30
1714953600,1435.5,1440.0,1418.0,1419.53,7394208,2024-05-06 05:30:00+05:30
1715040000,1415.98,1420.75,1392.0,1401.48,14517472,2024-05-07 05:30:00+05:30
1715126400,1397.5,1432.95,1397.5,1418.55,9439002,2024-05-08 05:30:00+05:30
1715212800,1413.0,1423.75,1390.0,1394.13,11009612,2024-05-09 05:30:00+05:30
1715299200,1396.75,1410.0,1388.08,1407.43,10505096,2024-05-10 05:30:00+05:30
1715558400,1399.9,1406.98,1384.0,1402.7,8456620,2024-05-13 05:30:00+05:30
1715644800,1400.98,1427.08,1400.03,1420.08,7188300,2024-05-14 05:30:00+05:30
1715731200,1420.5,1429.98,1413.03,1416.28,5046534,2024-05-15 05:30:00+05:30
1715817600,1418.55,1427.5,1398.03,1425.35,14711774,2024-05-16 05:30:00+05:30
1715904000,1423.05,1437.2,1413.25,1435.7,10916476,2024-05-17 05:30:00+05:30
1715990400,1437.5,1439.5,1432.7,1434.83,426040,2024-05-18 05:30:00+05:30
1716249600,1425.6,1441.83,1425.6,1436.13,11176128,2024-05-21 05:30:00+05:30
1716336000,1436.28,1468.78,1436.28,1460.65,10281604,2024-05-22 05:30:00+05:30
1716422400,1458.55,1492.23,1455.0,1486.05,14608260,2024-05-23 05:30:00+05:30
1716508800,1483.63,1488.5,1476.1,1480.25,7094776,2024-05-24 05:30:00+05:30
1716768000,1480.23,1484.9,1461.55,1466.25,6629010,2024-05-27 05:30:00+05:30
1716854400,1468.0,1478.5,1452.75,1456.2,7820162,2024-05-28 05:30:00+05:30
1716940800,1446.5,1458.0,1438.45,1440.78,7383556,2024-05-29 05:30:00+05:30
1717027200,1435.5,1440.4,1420.1,1424.85,13206858,2024-05-30 05:30:00+05:30
1717113600,1431.3,1442.25,1422.25,1430.4,31069832,2024-05-31 05:30:00+05:30
1717372800,1483.0,1514.5,1459.0,1510.33,21527942,2024-06-03 05:30:00+05:30
1717459200,1498.05,1498.05,1359.3,1397.28,36709098,2024-06-04 05:30:00+05:30
1717545600,1422.0,1431.15,1384.1,1420.75,17464890,2024-06-05 05:30:00+05:30
1717632000,1435.0,1443.7,1421.35,1431.6,17855722,2024-06-06 05:30:00+05:30
1717718400,1428.5,1472.0,1426.5,1469.95,18558696,2024-06-07 05:30:00+05:30
1717977600,1469.95,1493.35,1468.08,1471.4,9251760,2024-06-10 05:30:00+05:30
1718064000,1469.0,1473.68,1454.68,1456.68,11774902,2024-06-11 05:30:00+05:30
1718150400,1457.5,1476.0,1455.18,1463.33,10081742,2024-06-12 05:30:00+05:30
1718236800,1472.0,1472.25,1460.1,1465.25,9181160,2024-06-13 05:30:00+05:30
1718323200,1470.0,1479.68,1457.23,1477.55,8157998,2024-06-14 05:30:00+05:30
1718668800,1487.35,1487.4,1471.35,1481.03,7196766,2024-06-18 05:30:00+05:30
1718755200,1487.5,1487.5,1456.0,1458.65,8725874,2024-06-19 05:30:00+05:30
1718841600,1459.0,1482.85,1450.1,1473.7,16113776,2024-06-20 05:30:00+05:30
1718928000,1473.63,1474.7,1440.58,1454.2,31170360,2024-06-21 05:30:00+05:30
1719187200,1445.53,1449.5,1437.5,1441.48,8878386,2024-06-24 05:30:00+05:30
1719273600,1443.0,1455.93,1441.0,1454.15,7045386,2024-06-25 05:30:00+05:30
1719360000,1446.05,1518.98,1445.13,1514.03,22014882,2024-06-26 05:30:00+05:30
1719446400,1513.75,1537.5,1506.0,1530.55,28383030,2024-06-27 05:30:00+05:30
1719532800,1531.03,1581.0,1531.03,1565.4,28957336,2024-06-28 05:30:00+05:30
1719792000,1562.53,1579.4,1555.68,1560.15,7724306,2024-07-01 05:30:00+05:30
1719878400,1569.5,1573.5,1557.0,1565.18,7749246,2024-07-02 05:30:00+05:30
1719964800,1566.33,1575.0,1542.78,1552.43,9049620,2024-07-03 05:30:00+05:30
1720051200,1557.0,1567.5,1550.8,1554.03,6837176,2024-07-04 05:30:00+05:30
1720137600,1553.83,1598.5,1548.0,1588.63,12269710,2024-07-05 05:30:00+05:30
1720396800,1589.0,1608.8,1582.53,1600.9,9500806,2024-07-08 05:30:00+05:30
1720483200,1597.6,1600.5,1580.5,1590.28,6960002,2024-07-09 05:30:00+05:30
1720569600,1595.0,1597.5,1563.15,1584.23,7134578,2024-07-10 05:30:00+05:30
1720656000,1587.5,1604.25,1570.5,1580.65,11940946,2024-07-11 05:30:00+05:30
1720742400,1584.5,1605.15,1574.5,1596.73,12924784,2024-07-12 05:30:00+05:30
1721001600,1604.45,1605.85,1585.5,1597.23,5329688,2024-07-15 05:30:00+05:30
1721088000,1593.5,1600.0,1569.13,1576.25,9386838,2024-07-16 05:30:00+05:30
1721260800,1576.0,1593.9,1557.83,1586.68,12298374,2024-07-18 05:30:00+05:30
1721347200,1586.0,1589.98,1552.8,1555.15,13140390,2024-07-19 05:30:00+05:30
1721606400,1537.25,1537.5,1499.28,1500.68,19674376,2024-07-22 05:30:00+05:30
1721692800,1501.0,1505.75,1463.0,1487.9,18052044,2024-07-23 05:30:00+05:30
1721779200,1485.0,1509.5,1476.4,1495.7,11913362,2024-07-24 05:30:00+05:30
1721865600,1481.0,1500.48,1477.08,1492.4,12519876,2024-07-25 05:30:00+05:30
1721952000,1492.4,1512.43,1490.35,1509.03,9859940,2024-07-26 05:30:00+05:30
1722211200,1511.95,1527.5,1511.78,1520.1,7538550,2024-07-29 05:30:00+05:30
1722297600,1517.03,1525.0,1510.0,1513.15,8228208,2024-07-30 05:30:00+05:30
1722384000,1504.0,1510.45,1501.15,1505.43,10057346,2024-07-31 05:30:00+05:30
1722470400,1512.0,1518.0,1504.3,1515.3,10764222,2024-08-01 05:30:00+05:30
1722556800,1505.0,1509.33,1493.28,1499.33,10268248,2024-08-02 05:30:00+05:30
1722816000,1480.0,1483.9,1433.25,1447.33,17046704,2024-08-05 05:30:00+05:30
1722902400,1455.15,1477.5,1451.33,1456.05,10236186,2024-08-06 05:30:00+05:30
1722988800,1469.0,1472.5,1461.5,1464.83,8174568,2024-08-07 05:30:00+05:30
1723075200,1457.53,1465.0,1445.93,1449.13,12387192,2024-08-08 05:30:00+05:30
1723161600,1460.0,1476.5,1456.0,1474.3,6249776,2024-08-09 05:30:00+05:30
1723420800,1470.0,1473.0,1457.75,1460.63,8184584,2024-08-12 05:30:00+05:30
1723507200,1460.75,1470.08,1458.0,1463.63,6265064,2024-08-13 05:30:00+05:30
1723593600,1463.55,1472.0,1453.7,1461.85,6267466,2024-08-14 05:30:00+05:30
1723766400,1468.65,1480.4,1458.05,1478.2,9416902,2024-08-16 05:30:00+05:30
1724025600,1482.5,1498.3,1480.5,1488.4,13797742,2024-08-19 05:30:00+05:30
1724112000,1497.23,1503.93,1490.03,1495.95,8411808,2024-08-20 05:30:00+05:30
1724198400,1493.25,1507.88,1490.0,1498.68,7769996,2024-08-21 05:30:00+05:30
1724284800,1503.0,1506.5,1490.65,1498.13,10445782,2024-08-22 05:30:00+05:30
1724371200,1503.75,1511.33,1498.43,1499.98,9249654,2024-08-23 05:30:00+05:30
1724630400,1506.98,1523.0,1503.0,1512.6,8816114,2024-08-26 05:30:00+05:30
1724716800,1510.5,1513.48,1499.45,1500.45,6251156,2024-08-27 05:30:00+05:30
1724803200,1505.0,1507.48,1493.0,1498.3,9610286,2024-08-28 05:30:00+05:30
1724889600,1503.1,1537.0,1494.0,1520.93,38335358,2024-08-29 05:30:00+05:30
1724976000,1534.0,1539.73,1503.33,1509.63,41620730,2024-08-30 05:30:00+05:30
1725235200,1510.88,1526.8,1506.63,1516.25,11240852,2024-09-02 05:30:00+05:30
1725321600,1521.25,1523.0,1507.5,1509.13,10923800,2024-09-03 05:30:00+05:30
1725408000,1500.7,1517.5,1499.5,1514.55,11983304,2024-09-04 05:30:00+05:30
1725494400,1519.05,1525.78,1487.05,1492.98,16264168,2024-09-05 05:30:00+05:30
1725580800,1492.5,1497.0,1461.63,1464.83,19394228,2024-09-06 05:30:00+05:30
1725840000,1466.5,1469.93,1455.6,1462.45,9010298,2024-09-09 05:30:00+05:30
1725926400,1460.5,1472.05,1457.58,1461.53,10768260,2024-09-10 05:30:00+05:30
1726012800,1463.05,1468.75,1447.55,1451.5,9760202,2024-09-11 05:30:00+05:30
1726099200,1457.0,1486.0,1445.88,1479.8,22349376,2024-09-12 05:30:00+05:30
1726185600,1476.4,1483.15,1469.5,1472.63,8711328,2024-09-13 05:30:00+05:30
1726444800,1477.55,1480.9,1464.75,1471.35,5481774,2024-09-16 05:30:00+05:30
1726531200,1474.0,1477.48,1466.63,1472.3,5935328,2024-09-17 05:30:00+05:30
1726617600,1470.0,1482.0,1460.55,1463.45,8574714,2024-09-18 05:30:00+05:30
1726704000,1466.25,1476.5,1455.55,1469.68,16955902,2024-09-19 05:30:00+05:30
1726790400,1474.0,1495.0,1471.38,1485.93,30897320,2024-09-20 05:30:00+05:30
1727049600,1491.0,1501.5,1488.95,1493.38,8832314,2024-09-23 05:30:00+05:30
1727136000,1488.5,1500.5,1487.88,1489.38,17137444,2024-09-24 05:30:00+05:30
1727222400,1483.9,1496.5,1480.2,1493.95,7069002,2024-09-25 05:30:00+05:30
1727308800,1490.65,1504.0,1488.05,1497.95,18818998,2024-09-26 05:30:00+05:30
1727395200,1499.0,1533.48,1492.0,1526.18,20597478,2024-09-27 05:30:00+05:30
1727654400,1519.4,1524.98,1474.4,1476.58,27008814,2024-09-30 05:30:00+05:30
1727740800,1480.65,1487.95,1462.83,1464.83,16431642,2024-10-01 05:30:00+05:30
1727913600,1436.58,1449.4,1402.08,1406.98,37757294,2024-10-03 05:30:00+05:30
1728000000,1403.93,1417.35,1381.78,1386.53,37072876,2024-10-04 05:30:00+05:30
1728259200,1393.5,1396.5,1361.38,1370.73,22181340,2024-10-07 05:30:00+05:30
1728345600,1372.98,1401.0,1365.1,1397.35,17020808,2024-10-08 05:30:00+05:30
1728432000,1397.53,1400.98,1372.5,1374.6,14310610,2024-10-09 05:30:00+05:30
1728518400,1380.03,1386.0,1369.43,1371.05,22358646,2024-10-10 05:30:00+05:30
1728604800,1370.0,1383.28,1368.83,1372.1,7980122,2024-10-11 05:30:00+05:30
1728864000,1379.45,1380.08,1368.25,1372.53,12221432,2024-10-14 05:30:00+05:30
1728950400,1358.53,1371.7,1340.7,1344.03,33762794,2024-10-15 05:30:00+05:30
1729036800,1340.0,1364.0,1337.63,1354.08,20034438,2024-10-16 05:30:00+05:30
1729123200,1365.7,1368.45,1352.05,1356.43,15543660,2024-10-17 05:30:00+05:30
1729209600,1352.18,1368.43,1341.33,1359.3,12082452,2024-10-18 05:30:00+05:30
1729468800,1367.13,1374.0,1357.73,1369.2,14067408,2024-10-21 05:30:00+05:30
1729555200,1369.2,1376.0,1340.23,1343.35,15831960,2024-10-22 05:30:00+05:30
1729641600,1337.5,1357.48,1335.0,1338.53,17214742,2024-10-23 05:30:00+05:30
1729728000,1335.28,1343.7,1323.13,1339.8,22155934,2024-10-24 05:30:00+05:30
1729814400,1343.5,1344.35,1322.0,1327.85,18597496,2024-10-25 05:30:00+05:30
1730073600,1337.0,1353.0,1322.1,1334.35,10824350,2024-10-28 05:30:00+05:30
1730160000,1328.1,1343.2,1320.3,1340.0,12008361,2024-10-29 05:30:00+05:30
1730246400,1335.0,1350.0,1325.35,1343.9,11984423,2024-10-30 05:30:00+05:30
1730332800,1340.0,1343.0,1326.15,1332.05,9331650,2024-10-31 05:30:00+05:30
1730419200,1333.05,1341.95,1333.0,1338.65,2127335,2024-11-01 05:30:00+05:30
1730678400,1337.85,1340.0,1285.1,1302.15,19796890,2024-11-04 05:30:00+05:30
1730764800,1293.0,1309.55,1286.15,1305.3,16267479,2024-11-05 05:30:00+05:30
1730851200,1310.0,1328.3,1300.2,1325.35,21625209,2024-11-06 05:30:00+05:30
1730937600,1324.0,1324.0,1302.6,1305.65,9611974,2024-11-07 05:30:00+05:30
1731024000,1297.65,1301.65,1275.0,1283.75,19814406,2024-11-08 05:30:00+05:30
1731283200,1278.95,1286.0,1267.0,1272.7,9056552,2024-11-11 05:30:00+05:30
1731369600,1275.55,1289.3,1267.5,1274.25,10671091,2024-11-12 05:30:00+05:30
1731456000,1270.25,1275.45,1249.5,1252.05,14633633,2024-11-13 05:30:00+05:30
1731542400,1253.6,1272.6,1251.1,1267.6,12612633,2024-11-14 05:30:00+05:30
1731888000,1267.6,1272.9,1243.9,1260.75,13620611,2024-11-18 05:30:00+05:30
1731974400,1260.75,1281.5,1235.15,1241.65,14183746,2024-11-19 05:30:00+05:30
1732147200,1241.65,1243.95,1217.25,1223.0,19433843,2024-11-21 05:30:00+05:30
1732233600,1229.4,1268.85,1222.45,1265.4,20471957,2024-11-22 05:30:00+05:30
1732492800,1290.0,1304.45,1282.45,1287.0,28923341,2024-11-25 05:30:00+05:30
1732579200,1294.95,1297.85,1284.2,1295.7,9247557,2024-11-26 05:30:00+05:30
1732665600,1293.5,1303.85,1286.0,1293.2,9572746,2024-11-27 05:30:00+05:30
1732752000,1289.95,1296.6,1269.05,1270.8,15027412,2024-11-28 05:30:00+05:30
1732838400,1280.0,1299.5,1275.25,1292.2,13202307,2024-11-29 05:30:00+05:30
1733097600,1288.0,1311.35,1277.05,1309.15,11024152,2024-12-02 05:30:00+05:30
1733184000,1317.0,1326.8,1307.0,1323.3,16869482,2024-12-03 05:30:00+05:30
1733270400,1326.0,1328.4,1304.05,1308.95,19608540,2024-12-04 05:30:00+05:30
1733356800,1314.35,1329.95,1306.15,1322.05,16858723,2024-12-05 05:30:00+05:30
1733443200,1323.9,1323.9,1310.0,1311.55,9037514,2024-12-06 05:30:00+05:30
1733702400,1303.0,1315.0,1293.1,1295.15,14650002,2024-12-09 05:30:00+05:30
1733788800,1289.25,1294.9,1280.2,1284.85,16043729,2024-12-10 05:30:00+05:30
1733875200,1285.0,1290.0,1276.05,1278.2,11724373,2024-12-11 05:30:00+05:30
1733961600,1270.0,1278.2,1260.6,1262.9,20906813,2024-12-12 05:30:00+05:30
1734048000,1260.0,1275.2,1239.6,1272.85,28630222,2024-12-13 05:30:00+05:30
1734307200,1275.0,1281.0,1266.55,1268.3,9486781,2024-12-16 05:30:00+05:30
1734393600,1261.05,1263.9,1242.8,1245.3,17462791,2024-12-17 05:30:00+05:30
1734480000,1240.65,1259.95,1240.65,1253.25,12670179,2024-12-18 05:30:00+05:30
1734566400,1239.0,1244.9,1229.0,1230.45,14244653,2024-12-19 05:30:00+05:30
1734652800,1224.0,1239.5,1201.5,1205.3,20312896,2024-12-20 05:30:00+05:30
1734912000,1215.0,1227.2,1213.2,1222.3,10052824,2024-12-23 05:30:00+05:30
1734998400,1222.3,1233.55,1221.0,1222.75,6734917,2024-12-24 05:30:00+05:30
1735171200,1224.25,1227.7,1214.25,1216.55,10016178,2024-12-26 05:30:00+05:30
1735257600,1218.3,1227.9,1217.0,1221.05,7000397,2024-12-27 05:30:00+05:30
1735516800,1216.4,1223.2,1208.1,1210.7,8818766,2024-12-30 05:30:00+05:30
1735603200,1208.0,1219.1,1206.15,1215.45,6405475,2024-12-31 05:30:00+05:30
1735689600,1214.85,1226.3,1211.6,1221.25,5892590,2025-01-01 05:30:00+05:30
1735776000,1221.25,1244.45,1220.0,1241.8,15486276,2025-01-02 05:30:00+05:30
1735862400,1243.9,1262.05,1235.5,1251.15,15521102,2025-01-03 05:30:00+05:30
1736121600,1253.95,1262.0,1215.0,1218.0,14816766,2025-01-06 05:30:00+05:30
1736208000,1222.0,1244.5,1221.25,1240.85,10070505,2025-01-07 05:30:00+05:30
1736294400,1249.0,1271.05,1245.35,1265.5,19346579,2025-01-08 05:30:00+05:30
1736380800,1267.0,1269.75,1248.05,1254.75,12794704,2025-01-09 05:30:00+05:30
1736467200,1253.85,1256.75,1236.0,1241.9,8120332,2025-01-10 05:30:00+05:30
1736726400,1230.0,1245.25,1226.4,1239.85,13764861,2025-01-13 05:30:00+05:30
1736812800,1244.1,1253.35,1227.25,1238.75,13095266,2025-01-14 05:30:00+05:30
1736899200,1244.95,1257.0,1241.85,1252.2,9578856,2025-01-15 05:30:00+05:30
1736985600,1258.9,1275.0,1251.3,1266.45,14117603,2025-01-16 05:30:00+05:30
1737072000,1322.25,1326.0,1285.0,1302.35,29366277,2025-01-17 05:30:00+05:30
1737331200,1316.0,1316.0,1300.25,1305.45,14040244,2025-01-20 05:30:00+05:30
1737417600,1310.5,1313.0,1270.2,1273.7,14562976,2025-01-21 05:30:00+05:30
1737504000,1278.3,1282.9,1268.7,1277.1,10273590,2025-01-22 05:30:00+05:30
1737590400,1270.0,1277.35,1261.6,1263.65,8720682,2025-01-23 05:30:00+05:30
1737676800,1266.0,1273.0,1243.5,1246.3,14235970,2025-01-24 05:30:00+05:30
1737936000,1239.1,1240.45,1220.0,1229.35,9536019,2025-01-27 05:30:00+05:30
1738022400,1238.0,1244.75,1218.5,1234.4,10568025,2025-01-28 05:30:00+05:30
1738108800,1236.0,1242.75,1228.05,1235.5,5928156,2025-01-29 05:30:00+05:30
1738195200,1235.55,1257.0,1232.4,1253.05,9269259,2025-01-30 05:30:00+05:30
1738281600,1255.85,1267.0,1249.0,1265.1,6584612,2025-01-31 05:30:00+05:30
1738368000,1265.1,1270.55,1241.0,1264.6,7118453,2025-02-01 05:30:00+05:30
1738540800,1251.0,1256.0,1237.55,1245.9,9252345,2025-02-03 05:30:00+05:30
1738627200,1248.05,1288.8,1246.6,1285.2,16691069,2025-02-04 05:30:00+05:30
1738713600,1282.65,1290.5,1276.7,1278.2,10112028,2025-02-05 05:30:00+05:30
1738800000,1273.7,1288.0,1270.35,1281.55,9956001,2025-02-06 05:30:00+05:30
1738886400,1276.15,1283.7,1262.0,1266.7,8764283,2025-02-07 05:30:00+05:30
1739145600,1264.5,1266.5,1245.55,1253.65,6970972,2025-02-10 05:30:00+05:30
1739232000,1264.55,1264.55,1230.1,1234.85,8859714,2025-02-11 05:30:00+05:30
1739318400,1219.45,1226.9,1193.35,1216.55,21131654,2025-02-12 05:30:00+05:30
1739404800,1217.05,1228.0,1212.0,1216.1,8511216,2025-02-13 05:30:00+05:30
1739491200,1219.0,1224.0,1205.45,1217.25,10298145,2025-02-14 05:30:00+05:30
1739750400,1211.1,1227.5,1204.5,1224.9,8166683,2025-02-17 05:30:00+05:30
1739836800,1224.85,1229.9,1216.1,1225.4,6673250,2025-02-18 05:30:00+05:30
1739923200,1219.5,1232.75,1217.55,1227.45,6217338,2025-02-19 05:30:00+05:30
1740009600,1223.95,1239.35,1222.0,1233.0,7795582,2025-02-20 05:30:00+05:30
1740096000,1228.7,1240.0,1222.15,1228.15,6904025,2025-02-21 05:30:00+05:30
1740355200,1216.55,1223.25,1210.5,1214.55,7172498,2025-02-24 05:30:00+05:30
1740441600,1211.0,1221.0,1201.5,1204.0,11552182,2025-02-25 05:30:00+05:30
1740614400,1212.8,1215.0,1200.65,1207.1,11509215,2025-02-27 05:30:00+05:30
1740700800,1202.0,1217.35,1193.3,1200.1,23007298,2025-02-28 05:30:00+05:30
1740960000,1204.0,1206.45,1156.0,1171.25,17944938,2025-03-03 05:30:00+05:30
1741046400,1162.2,1174.0,1159.55,1161.9,11377373,2025-03-04 05:30:00+05:30
1741132800,1161.0,1183.0,1157.0,1175.6,8664095,2025-03-05 05:30:00+05:30
1741219200,1197.0,1213.95,1185.15,1209.6,14468014,2025-03-06 05:30:00+05:30
1741305600,1216.0,1254.8,1212.0,1249.8,16474965,2025-03-07 05:30:00+05:30
1741564800,1245.0,1258.0,1235.4,1238.4,11931051,2025-03-10 05:30:00+05:30
1741651200,1240.0,1249.5,1229.75,1247.3,10089838,2025-03-11 05:30:00+05:30
1741737600,1258.0,1263.0,1244.0,1257.05,11977555,2025-03-12 05:30:00+05:30
1741824000,1260.05,1264.15,1243.85,1247.9,9505270,2025-03-13 05:30:00+05:30
1742169600,1242.15,1257.4,1233.1,1238.85,16640952,2025-03-17 05:30:00+05:30
1742256000,1244.7,1248.35,1235.0,1238.8,15745877,2025-03-18 05:30:00+05:30
1742342400,1241.05,1253.25,1238.8,1247.15,16162399,2025-03-19 05:30:00+05:30
1742428800,1251.85,1273.0,1250.05,1269.15,15971477,2025-03-20 05:30:00+05:30
1742515200,1275.0,1281.0,1270.1,1276.35,21780769,2025-03-21 05:30:00+05:30
1742774400,1291.0,1306.0,1284.25,1302.1,20299319,2025-03-24 05:30:00+05:30
1742860800,1307.7,1307.7,1282.6,1285.45,13713899,2025-03-25 05:30:00+05:30
1742947200,1291.0,1293.8,1268.75,1273.05,12074747,2025-03-26 05:30:00+05:30
1743033600,1278.15,1285.0,1271.3,1278.2,15028056,2025-03-27 05:30:00+05:30
1743120000,1280.0,1295.75,1269.0,1275.1,18147129,2025-03-28 05:30:00+05:30
1743465600,1264.6,1277.9,1249.3,1252.6,12099648,2025-04-01 05:30:00+05:30
1743552000,1247.55,1255.55,1243.9,1251.15,10142590,2025-04-02 05:30:00+05:30
1743638400,1233.05,1251.8,1233.05,1248.7,7434366,2025-04-03 05:30:00+05:30
1743724800,1241.1,1245.45,1193.15,1204.7,17908652,2025-04-04 05:30:00+05:30
1743984000,1132.2,1171.25,1114.85,1165.7,22156106,2025-04-07 05:30:00+05:30
1744070400,1172.0,1196.6,1163.3,1182.2,19555040,2025-04-08 05:30:00+05:30
1744156800,1169.5,1189.8,1168.0,1185.35,10223104,2025-04-09 05:30:00+05:30
1744329600,1195.15,1222.65,1195.15,1218.95,11224242,2025-04-11 05:30:00+05:30
1744675200,1251.0,1251.0,1237.1,1240.1,13378535,2025-04-15 05:30:00+05:30
1744761600,1234.1,1240.9,1229.0,1239.3,8248464,2025-04-16 05:30:00+05:30
1744848000,1240.2,1280.2,1227.6,1274.5,15398401,2025-04-17 05:30:00+05:30
1745193600,1270.0,1300.9,1267.0,1295.5,10429964,2025-04-21 05:30:00+05:30
1745280000,1300.0,1303.9,1286.3,1291.2,13051707,2025-04-22 05:30:00+05:30
1745366400,1297.0,1306.0,1285.4,1300.0,10480888,2025-04-23 05:30:00+05:30
1745452800,1292.4,1304.5,1290.3,1301.6,10468940,2025-04-24 05:30:00+05:30
1745539200,1303.5,1325.2,1288.1,1300.4,14431012,2025-04-25 05:30:00+05:30
1745798400,1340.0,1374.6,1320.2,1368.8,31104496,2025-04-28 05:30:00+05:30
1745884800,1371.0,1410.9,1370.0,1399.7,32538970,2025-04-29 05:30:00+05:30
1745971200,1402.0,1412.4,1369.0,1405.0,25480745,2025-04-30 05:30:00+05:30
1746144000,1414.0,1426.7,1409.1,1422.4,17535402,2025-05-02 05:30:00+05:30
1746403200,1431.0,1439.5,1426.9,1431.3,12685649,2025-05-05 05:30:00+05:30
1746489600,1431.0,1432.0,1410.6,1420.9,14084117,2025-05-06 05:30:00+05:30
1746576000,1420.9,1424.4,1402.7,1406.0,13440169,2025-05-07 05:30:00+05:30
1746662400,1404.1,1420.8,1398.0,1407.0,16106175,2025-05-08 05:30:00+05:30
1746748800,1385.5,1394.8,1374.5,1377.2,13668904,2025-05-09 05:30:00+05:30
1747008000,1400.0,1439.0,1400.0,1436.5,10674081,2025-05-12 05:30:00+05:30
1747094400,1433.5,1447.7,1412.4,1415.7,11407896,2025-05-13 05:30:00+05:30
1747180800,1420.0,1429.9,1415.5,1424.4,5570160,2025-05-14 05:30:00+05:30
1747267200,1425.0,1461.4,1412.7,1454.2,20177211,2025-05-15 05:30:00+05:30
1747353600,1453.2,1461.0,1447.3,1456.4,9036695,2025-05-16 05:30:00+05:30
1747612800,1452.1,1454.6,1438.2,1440.8,6195791,2025-05-19 05:30:00+05:30
1747699200,1438.2,1445.0,1421.8,1424.6,11270560,2025-05-20 05:30:00+05:30
1747785600,1423.9,1436.2,1418.1,1429.2,6136364,2025-05-21 05:30:00+05:30
1747872000,1421.2,1423.8,1396.9,1409.4,12134466,2025-05-22 05:30:00+05:30
1747958400,1406.6,1433.8,1406.6,1426.8,6474883,2025-05-23 05:30:00+05:30
1748217600,1432.0,1441.0,1425.1,1434.8,4842944,2025-05-26 05:30:00+05:30
1748304000,1426.1,1437.0,1413.9,1422.1,12640414,2025-05-27 05:30:00+05:30
1748390400,1420.1,1422.6,1410.7,1412.9,5944611,2025-05-28 05:30:00+05:30
1748476800,1412.1,1420.0,1408.6,1417.8,13771917,2025-05-29 05:30:00+05:30
1748563200,1418.0,1430.6,1409.7,1420.9,13788484,2025-05-30 05:30:00+05:30
1748822400,1412.1,1417.5,1395.6,1413.7,8098668,2025-06-02 05:30:00+05:30
1748908800,1422.3,1426.5,1403.4,1405.5,11252626,2025-06-03 05:30:00+05:30
1748995200,1414.7,1425.7,1406.1,1423.5,8126827,2025-06-04 05:30:00+05:30
1749081600,1428.0,1454.7,1423.6,1442.4,13716817,2025-06-05 05:30:00+05:30
1749168000,1441.0,1451.5,1437.0,1443.5,8182161,2025-06-06 05:30:00+05:30
1749427200,1457.0,1457.5,1445.3,1448.8,7885125,2025-06-09 05:30:00+05:30
1749513600,1450.0,1453.9,1436.0,1438.5,7913181,2025-06-10 05:30:00+05:30
1749600000,1445.8,1468.6,1443.1,1448.9,8195700,2025-06-11 05:30:00+05:30
1749686400,1453.5,1457.0,1434.4,1441.6,8828114,2025-06-12 05:30:00+05:30
1749772800,1424.0,1435.5,1414.3,1427.9,9757276,2025-06-13 05:30:00+05:30
1750032000,1426.9,1442.4,1424.4,1437.8,8458093,2025-06-16 05:30:00+05:30
1750118400,1448.0,1448.0,1425.8,1431.2,10366599,2025-06-17 05:30:00+05:30
1750204800,1430.0,1442.8,1425.7,1430.1,6681735,2025-06-18 05:30:00+05:30
1750291200,1430.1,1439.9,1425.7,1433.3,10007230,2025-06-19 05:30:00+05:30
1750377600,1431.0,1471.0,1428.1,1466.2,29010635,2025-06-20 05:30:00+05:30
1750636800,1453.0,1463.8,1442.0,1456.8,5989078,2025-06-23 05:30:00+05:30
1750723200,1465.0,1475.0,1443.1,1450.8,16402744,2025-06-24 05:30:00+05:30
1750809600,1464.0,1472.4,1460.5,1467.3,7525851,2025-06-25 05:30:00+05:30
1750896000,1469.1,1498.8,1465.1,1495.3,14657893,2025-06-26 05:30:00+05:30
1750982400,1499.4,1522.0,1496.9,1515.4,11117052,2025-06-27 05:30:00+05:30
1751241600,1513.8,1524.8,1496.0,1500.6,8409527,2025-06-30 05:30:00+05:30
1751328000,1500.6,1531.4,1500.1,1528.4,10368523,2025-07-01 05:30:00+05:30
1751414400,1528.4,1530.0,1508.7,1518.8,6361002,2025-07-02 05:30:00+05:30
1751500800,1520.8,1531.9,1513.0,1517.8,11283291,2025-07-03 05:30:00+05:30
1751587200,1524.0,1530.0,1517.2,1527.3,6603501,2025-07-04 05:30:00+05:30
1751846400,1526.6,1544.8,1525.0,1541.5,7251074,2025-07-07 05:30:00+05:30
1751932800,1536.0,1544.9,1530.2,1537.6,7171261,2025-07-08 05:30:00+05:30
1752019200,1536.7,1551.0,1510.1,1519.0,8870660,2025-07-09 05:30:00+05:30
1752105600,1519.7,1524.7,1507.5,1517.2,10047129,2025-07-10 05:30:00+05:30
1752192000,1512.0,1515.0,1490.3,1495.2,7234991,2025-07-11 05:30:00+05:30
1752451200,1492.2,1500.0,1479.1,1483.7,10311846,2025-07-14 05:30:00+05:30
1752537600,1486.2,1496.5,1482.4,1485.4,8132454,2025-07-15 05:30:00+05:30
1752624000,1473.0,1491.0,1471.5,1485.6,10409983,2025-07-16 05:30:00+05:30
1752710400,1487.4,1489.6,1473.9,1476.4,11854613,2025-07-17 05:30:00+05:30
1752796800,1484.8,1484.8,1469.1,1476.0,10296318,2025-07-18 05:30:00+05:30
1753056000,1465.0,1476.0,1423.1,1428.6,22442744,2025-07-21 05:30:00+05:30
1753142400,1427.4,1431.9,1410.7,1412.8,20396320,2025-07-22 05:30:00+05:30
1753228800,1426.0,1426.0,1414.4,1424.6,8354596,2025-07-23 05:30:00+05:30
1753315200,1419.2,1423.0,1396.0,1402.9,14740507,2025-07-24 05:30:00+05:30
1753401600,1398.9,1401.0,1384.1,1391.7,11854722,2025-07-25 05:30:00+05:30
1753660800,1392.3,1407.8,1385.0,1387.6,7748361,2025-07-28 05:30:00+05:30
1753747200,1383.0,1420.2,1383.0,1417.1,10750072,2025-07-29 05:30:00+05:30
1753833600,1418.1,1423.3,1401.3,1410.1,7209849,2025-07-30 05:30:00+05:30
1753920000,1388.1,1402.6,1382.2,1390.2,17065827,2025-07-31 05:30:00+05:30
1754006400,1386.9,1405.9,1384.3,1393.7,10321171,2025-08-01 05:30:00+05:30
1754265600,1395.1,1416.1,1391.7,1411.5,6312820,2025-08-04 05:30:00+05:30
1754352000,1411.0,1411.0,1388.1,1391.7,9315972,2025-08-05 05:30:00+05:30
1754438400,1391.9,1395.9,1383.3,1392.8,5834312,2025-08-06 05:30:00+05:30
1754524800,1387.7,1393.7,1366.0,1389.4,9976705,2025-08-07 05:30:00+05:30
1754611200,1385.0,1397.2,1365.0,1367.8,8793606,2025-08-08 05:30:00+05:30
